AGE,CUS_Month_Income,CUS_Gender,CUS_Marital_Status,YEARS_WITH_US,total_debit_amount,total_debit_transactions,total_credit_amount,total_credit_transactions,total_transactions,TAR_Desc,Status,total_amount
53,5000000.0,MALE,MARRIED,8,4042308.91,1145,4193808.12,82,1227,EXECUTIVE,0,151499.20999999996
65,10000000.0,MALE,SINGLE,14,77815.78,79,459876.0,20,99,MIDLE,0,382060.22
46,200.0,MALE,SINGLE,14,43197.0,6,0.0,0,6,LOW,0,-43197.0
48,1826.0,MALE,SINGLE,14,3820917.94,864,5847177.79,74,938,MIDLE,0,2026259.85
66,5000.0,FEMALE,MARRIED,13,168446.49,37,0.0,0,37,MIDLE,0,-168446.49
48,3000.0,MALE,MARRIED,12,13011651.12,957,23272588.45,138,1095,EXECUTIVE,0,10260937.33
40,22000.0,MALE,SINGLE,14,121730.28,82,141940.0,24,106,MIDLE,0,20209.72
36,5000000.0,MALE,SINGLE,14,191003.59,38,1431323.0,23,61,MIDLE,0,1240319.41
41,20000.0,FEMALE,MARRIED,14,4279159.53,235,3986647.99,36,271,EXECUTIVE,0,-292511.54000000004
57,2500.0,MALE,MARRIED,14,1044805.0,202,1198870.94,23,225,MIDLE,0,154065.93999999994
46,7500000.0,MALE,MARRIED,14,0.0,0,20.0,1,1,MIDLE,1,20.0
51,2000000.0,FEMALE,SINGLE,14,25943.3,37,0.0,0,37,LOW,0,-25943.3
43,5500000.0,MALE,SINGLE,14,119102.17,53,259119.0,59,112,MIDLE,0,140016.83000000002
49,1520000.0,MALE,SINGLE,14,144943.3,44,145064.66,21,65,LOW,0,121.36000000001513
47,2500000.0,MALE,SINGLE,14,20873.6,30,0.0,0,30,LOW,1,-20873.6
51,3148562.0,MALE,PARTNER,14,395082.12,131,462047.17,23,154,LOW,0,66965.04999999999
50,1500.0,FEMALE,SINGLE,14,4893.6,5,0.0,0,5,LOW,1,-4893.6
53,15000000.0,FEMALE,MARRIED,4,1938749.01,581,524720.68,10,591,MIDLE,0,-1414028.33
57,2500000.0,FEMALE,MARRIED,14,276876.06,239,226000.0,26,265,LOW,0,-50876.06
32,1000000.0,FEMALE,SINGLE,14,194800.01,151,45000.0,2,153,LOW,0,-149800.01
76,2500.0,MALE,MARRIED,14,46962.43,18,45122.21,4,22,LOW,1,-1840.2200000000012
40,3800000.0,FEMALE,SINGLE,14,533276.46,188,609274.01,23,211,MIDLE,0,75997.55000000005
71,30000.0,MALE,MARRIED,14,327435.14,41,327435.14,41,82,LOW,1,0.0
53,3000.0,MALE,MARRIED,13,22073.71,3,2507.39,1,4,MIDLE,0,-19566.32
43,2000000.0,MALE,SINGLE,14,120146.98,39,0.0,0,39,LOW,0,-120146.98
49,15000.0,MALE,SINGLE,14,2.73,1,5.46,2,3,MIDLE,1,2.73
40,1000000.0,MALE,SINGLE,14,133254.68,59,71944.0,3,62,LOW,1,-61310.67999999999
57,8000000.0,MALE,SINGLE,14,1588071.09,643,2758795.0,89,732,LOW,0,1170723.91
52,1000.0,FEMALE,SINGLE,14,162656.71,97,107221.67,13,110,LOW,0,-55435.03999999999
45,8870.0,MALE,MARRIED,14,690918.87,232,940388.39,30,262,MIDLE,0,249469.52000000002
83,2000000.0,MALE,SINGLE,14,5760.48,4,8996.76,2,6,LOW,0,3236.2800000000007
35,3000000.0,MALE,SINGLE,14,122814.99,50,39200.0,6,56,MIDLE,0,-83614.99
37,1500000.0,MALE,SINGLE,14,4600.0,14,4720.0,7,21,LOW,1,120.0
59,1500000.0,FEMALE,SINGLE,14,215704.0,83,223268.24,21,104,LOW,0,7564.239999999991
39,500000.0,MALE,SINGLE,14,60862.53,23,58230.0,8,31,LOW,1,-2632.529999999999
66,38448.3,FEMALE,MARRIED,14,1700.34,2,0.0,0,2,MIDLE,1,-1700.34
38,500000.0,MALE,SINGLE,14,0.0,0,39713.27,2,2,LOW,0,39713.27
48,2500000.0,MALE,MARRIED,14,278500.0,64,269480.48,19,83,LOW,0,-9019.520000000019
43,250.0,FEMALE,SINGLE,14,499005.96,154,365657.03,16,170,LOW,0,-133348.93
69,4950.0,MALE,MARRIED,14,2556213.05,595,1222077.63,61,656,LOW,0,-1334135.42
42,390.0,FEMALE,SINGLE,14,10500.0,6,0.0,0,6,LOW,0,-10500.0
43,8000.0,MALE,MARRIED,14,54572.91,56,14000.0,2,58,MIDLE,0,-40572.91
31,1500000.0,MALE,SINGLE,13,5463797.18,778,1643440.08,29,807,PLATINUM,0,-3820357.0999999996
36,3000.0,FEMALE,SINGLE,14,98343.3,38,95126.14,20,58,LOW,0,-3217.1600000000035
51,100.0,MALE,SINGLE,14,1773226.46,981,1629247.0,58,1039,LOW,0,-143979.45999999996
21,500.0,FEMALE,SINGLE,14,295929.0,20,287960.13,22,42,MIDLE,0,-7968.869999999995
27,180000.0,FEMALE,SINGLE,14,72643.6,8,12000.0,2,10,MIDLE,1,-60643.600000000006
56,21000000.0,MALE,SINGLE,14,187604.71,71,201500.0,5,76,MIDLE,0,13895.290000000008
50,20000000.0,MALE,MARRIED,14,213387.28,105,79850.0,3,108,MIDLE,0,-133537.28
51,3000.0,MALE,MARRIED,14,2044314.12,447,4302399.31,71,518,MIDLE,0,2258085.1899999995
58,2500000.0,FEMALE,SINGLE,14,883.32,1,0.0,0,1,LOW,0,-883.32
43,2300000.0,MALE,SINGLE,14,117025.3,53,117116.76,21,74,LOW,0,91.45999999999185
37,1500000.0,FEMALE,SINGLE,14,82390.0,32,83886.77,5,37,LOW,0,1496.770000000004
57,2500.0,FEMALE,SINGLE,14,4997615.3,243,228543.47,20,263,LOW,0,-4769071.83
63,4500000.0,FEMALE,MARRIED,14,189843.76,60,205600.0,26,86,LOW,0,15756.23999999999
52,2000000.0,MALE,SINGLE,14,401785.0,106,447719.9,18,124,LOW,0,45934.90000000002
44,2500000.0,FEMALE,SINGLE,14,314716.0,114,315279.69,22,136,LOW,0,563.6900000000023
62,2500.0,FEMALE,MARRIED,14,11965.14,31,7900.0,8,39,MIDLE,0,-4065.1399999999994
16,1000000.0,MALE,SINGLE,14,11908.98,4,10800.0,2,6,LOW,0,-1108.9799999999996
59,3000.0,FEMALE,SINGLE,14,170264.66,85,0.0,0,85,MIDLE,0,-170264.66
65,2850000.0,FEMALE,MARRIED,14,291043.3,98,182000.0,14,112,LOW,0,-109043.29999999999
14,200000.0,MALE,SINGLE,14,599744.66,271,312220.0,72,343,LOW,0,-287524.66000000003
55,1600000.0,FEMALE,SINGLE,14,135953.08,44,135399.37,21,65,LOW,0,-553.7099999999919
41,3000000.0,MALE,SINGLE,14,38883.32,12,400.0,1,13,MIDLE,0,-38483.32
14,100000.0,FEMALE,SINGLE,14,49043.1,16,31400.0,16,32,LOW,0,-17643.1
44,2145000.0,MALE,SINGLE,14,6565.26,50,7000.0,2,52,LOW,0,434.7399999999998
51,2500000.0,MALE,MARRIED,14,54905.6,21,0.0,0,21,LOW,0,-54905.6
60,2500000.0,FEMALE,MARRIED,14,212663.3,101,96671.46,10,111,LOW,0,-115991.83999999998
47,1000000.0,MALE,SINGLE,14,225.0,3,0.0,0,3,LOW,1,-225.0
59,1350000.0,MALE,SINGLE,14,149643.3,43,149759.39,21,64,LOW,0,116.09000000002561
48,2500.0,FEMALE,SINGLE,14,446034.55,350,438591.73,20,370,MIDLE,0,-7442.820000000007
49,2500000.0,MALE,SINGLE,14,116422.78,36,145430.73,21,57,LOW,0,29007.95000000001
33,100000.0,MALE,MARRIED,14,1078101.26,124,688420.0,39,163,MIDLE,0,-389681.26
62,2098000.0,MALE,SINGLE,14,91949.7,119,0.0,0,119,LOW,0,-91949.7
59,17000000.0,MALE,SINGLE,14,161694.74,92,107150.0,15,107,LOW,0,-54544.73999999999
43,39000.0,MALE,SINGLE,14,8847845.49,1161,8187370.73,81,1242,PLATINUM,0,-660474.7599999998
61,2500.0,MALE,MARRIED,14,945046.36,589,334482.86,66,655,LOW,0,-610563.5
50,2000000.0,MALE,SINGLE,14,25400.0,7,25265.47,1,8,LOW,0,-134.52999999999884
37,3500.0,FEMALE,SINGLE,14,1112149.35,399,909386.87,39,438,MIDLE,0,-202762.4800000001
47,2500000.0,FEMALE,SINGLE,14,102723.28,48,134000.0,12,60,MIDLE,0,31276.72
42,3500000.0,MALE,SINGLE,13,540.39,1,16700.0,2,3,LOW,0,16159.61
55,3500.0,FEMALE,MARRIED,14,220449.7,59,221823.88,20,79,LOW,0,1374.179999999993
87,2500000.0,MALE,SINGLE,14,106518.3,46,106664.0,20,66,LOW,0,145.6999999999971
77,2500.0,MALE,MARRIED,14,2329287.75,456,5226015.3,87,543,MIDLE,0,2896727.55
58,3508000.0,MALE,SINGLE,14,369940.54,131,354761.13,22,153,LOW,0,-15179.409999999974
24,200000.0,FEMALE,SINGLE,14,37643.3,31,0.0,0,31,LOW,0,-37643.3
25,2000000.0,MALE,SINGLE,14,800.0,1,0.0,0,1,LOW,1,-800.0
43,8000000.0,MALE,SINGLE,14,3903562.53,707,1836339.5,93,800,MIDLE,0,-2067223.0299999998
45,500000.0,FEMALE,SINGLE,14,44307.68,22,0.0,0,22,LOW,0,-44307.68
33,15000.0,MALE,MARRIED,14,1704445.27,470,1229310.93,77,547,LOW,0,-475134.3400000001
50,1000000.0,FEMALE,SINGLE,14,333500.0,169,336997.16,118,287,LOW,0,3497.1599999999744
34,500000.0,MALE,MARRIED,14,975784.95,40,1775035.0,8,48,MIDLE,0,799250.05
15,500.0,FEMALE,SINGLE,14,4000.0,1,76946.96,12,13,LOW,0,72946.96
39,4500000.0,MALE,SINGLE,14,508730.18,105,540534.68,6,111,LOW,0,31804.50000000006
34,2000000.0,FEMALE,SINGLE,14,1127970.35,111,1124125.02,8,119,MIDLE,0,-3845.3300000000745
54,1500000.0,MALE,MARRIED,14,153243.3,44,153403.69,21,65,LOW,0,160.39000000001397
37,500000.0,MALE,SINGLE,14,456412.78,181,0.0,0,181,MIDLE,1,-456412.78
79,2000000.0,FEMALE,MARRIED,14,71943.3,31,72011.95,31,62,LOW,0,68.64999999999418
49,2500.0,MALE,MARRIED,14,6251936.57,386,16252463.27,88,474,PLATINUM,0,10000526.7
37,6000.0,FEMALE,SINGLE,14,3787633.32,6,0.0,0,6,MIDLE,0,-3787633.32
51,7000.0,MALE,SINGLE,14,25445715.65,486,17246736.57,28,514,PLATINUM,0,-8198979.079999998
46,2000000.0,MALE,MARRIED,13,19600.0,8,0.0,0,8,LOW,0,-19600.0
61,8000000.0,MALE,SINGLE,14,3843.6,7,4000.0,1,8,LOW,1,156.4000000000001
68,2000000.0,MALE,MARRIED,14,3043.3,8,0.0,0,8,LOW,0,-3043.3
43,430.0,FEMALE,SINGLE,14,482275.57,221,371803.52,53,274,LOW,0,-110472.04999999999
37,2556.0,MALE,SINGLE,14,1883962.89,490,2037638.47,95,585,MIDLE,0,153675.58000000007
38,3500.0,MALE,SINGLE,14,13620376.58,743,13783746.96,52,795,LOW,0,163370.38000000082
32,1000000.0,FEMALE,SINGLE,13,39045.0,37,15700.0,3,40,LOW,0,-23345.0
47,1277139.0,FEMALE,SINGLE,14,257143.3,71,257475.78,49,120,LOW,0,332.4800000000105
29,0.0,MALE,SINGLE,14,250501.6,138,247365.0,134,272,LOW,0,-3136.600000000006
66,3000000.0,FEMALE,SINGLE,14,90167.3,73,87265.91,21,94,LOW,0,-2901.3899999999994
51,2000000.0,FEMALE,MARRIED,9,1723.8,4,0.0,0,4,LOW,0,-1723.8
40,1000.0,MALE,MARRIED,14,4420664.25,54,8709086.83,33,87,PLATINUM,0,4288422.58
67,10000000.0,MALE,MARRIED,14,300.0,1,0.0,0,1,LOW,1,-300.0
45,185000.0,MALE,SINGLE,14,283233.3,76,280529.66,21,97,LOW,0,-2703.640000000014
56,2500.0,MALE,SINGLE,24,10533.3,8,2500.0,1,9,LOW,0,-8033.299999999999
63,10000.0,FEMALE,MARRIED,14,197012.24,56,37110.5,7,63,MIDLE,0,-159901.74
37,5000000.0,MALE,MARRIED,14,484948.14,122,370750.0,11,133,MIDLE,0,-114198.14000000001
67,4500000.0,MALE,WIDOWED,14,275494.55,123,148600.0,23,146,LOW,0,-126894.54999999999
51,12000000.0,MALE,SINGLE,14,221570.33,64,0.0,0,64,LOW,1,-221570.33
49,10760.35,FEMALE,DIVORCE,25,5047422.16,1859,6104242.21,315,2174,PLATINUM,0,1056820.0499999998
70,12000.0,FEMALE,SINGLE,28,1019532.35,173,403840.42,7,180,EXECUTIVE,0,-615691.9299999999
57,1750000.0,FEMALE,SINGLE,14,239700.0,88,239807.46,21,109,LOW,0,107.45999999999185
51,1000000.0,MALE,SINGLE,14,150020.72,64,55333.4,6,70,MIDLE,0,-94687.32
62,10000.0,FEMALE,SINGLE,14,6440.66,9,0.0,0,9,LOW,1,-6440.66
56,5000000.0,MALE,SINGLE,14,20582.08,12,20031.29,2,14,LOW,1,-550.7900000000009
35,500000.0,MALE,SINGLE,13,1814.12,7,0.0,0,7,LOW,1,-1814.12
51,3000.0,MALE,SINGLE,14,5022.59,3,5022.59,3,6,MIDLE,1,0.0
41,200000.0,FEMALE,MARRIED,14,2319.84,6,0.0,0,6,MIDLE,0,-2319.84
46,3000000.0,MALE,SINGLE,14,219600.0,59,219574.79,21,80,LOW,0,-25.20999999999185
68,3750000.0,FEMALE,SINGLE,14,10000.0,3,0.0,0,3,MIDLE,0,-10000.0
41,600.0,MALE,SINGLE,14,1331.22,2,630.3,1,3,MIDLE,1,-700.9200000000001
43,5000000.0,MALE,SINGLE,13,1666112.65,435,1578264.77,105,540,LOW,0,-87847.87999999989
47,11560694.0,MALE,SINGLE,14,993351.02,641,592740.0,60,701,LOW,0,-400611.02
24,400000.0,MALE,SINGLE,14,58583.37,20,51800.0,9,29,LOW,1,-6783.370000000003
53,10000000.0,MALE,SINGLE,14,68690.6,72,317436.0,25,97,LOW,0,248745.4
36,500000.0,MALE,MARRIED,14,733498.0,212,566310.0,24,236,LOW,1,-167188.0
46,2500000.0,FEMALE,SINGLE,14,170853.3,83,146078.09,22,105,LOW,0,-24775.209999999992
40,3000000.0,FEMALE,SINGLE,14,237673.71,166,219963.57,18,184,LOW,0,-17710.139999999985
37,1000.0,MALE,MARRIED,14,2293266.62,413,1253239.18,20,433,LOW,0,-1040027.4400000002
51,2500.0,MALE,SINGLE,14,142574.95,52,153894.17,25,77,LOW,0,11319.220000000001
51,500.0,FEMALE,SINGLE,14,69020.0,34,69185.5,35,69,MIDLE,1,165.5
37,200000.0,FEMALE,SINGLE,14,5300.0,3,1000.0,1,4,LOW,1,-4300.0
30,500000.0,FEMALE,SINGLE,14,121444.02,84,120823.5,8,92,MIDLE,1,-620.5200000000041
57,200.0,MALE,SINGLE,10,1700.34,2,16000.0,3,5,MIDLE,1,14299.66
53,5000000.0,FEMALE,SINGLE,14,37375.46,53,1020883.7,27,80,MIDLE,0,983508.24
16,200000.0,FEMALE,SINGLE,14,8693.6,3,0.0,0,3,LOW,1,-8693.6
41,3750000.0,FEMALE,SINGLE,14,250794.24,46,20000.0,1,47,MIDLE,0,-230794.24
36,1800.0,MALE,SINGLE,14,392984.0,104,452900.18,25,129,MIDLE,0,59916.17999999999
41,5000000.0,MALE,SINGLE,14,0.0,0,50125.05,1,1,LOW,1,50125.05
56,2500.0,MALE,SINGLE,14,52005.28,24,0.0,0,24,MIDLE,0,-52005.28
33,1000000.0,FEMALE,SINGLE,14,378283.73,372,874994.8,25,397,MIDLE,0,496711.07000000007
50,2500000.0,MALE,SINGLE,14,276844.03,82,245020.14,23,105,MIDLE,0,-31823.890000000014
58,2500.0,FEMALE,MARRIED,14,190400.0,85,190738.76,20,105,LOW,0,338.7600000000093
40,2500000.0,MALE,SINGLE,14,146443.3,88,150394.45,22,110,LOW,0,3951.1500000000233
58,2500000.0,FEMALE,SINGLE,14,988532.51,414,213499.13,20,434,LOW,0,-775033.38
66,0.0,MALE,WIDOWED,14,23163.6,14,23240.0,6,20,LOW,0,76.40000000000146
55,2000.0,MALE,MARRIED,14,764.27,3,0.0,0,3,LOW,0,-764.27
50,9500000.0,MALE,SINGLE,14,418942.75,187,355447.7,32,219,MIDLE,0,-63495.04999999999
56,,MALE,SINGLE,28,26745.0,25,18550.72,1,26,LOW,0,-8194.279999999999
44,6500000.0,MALE,MARRIED,4,887908.9,256,781721.02,18,274,LOW,0,-106187.88
54,4000000.0,FEMALE,MARRIED,14,652925.58,106,1276874.9,21,127,MIDLE,0,623949.32
17,500000.0,MALE,SINGLE,14,586.9,4,0.0,0,4,LOW,0,-586.9
29,500000.0,FEMALE,SINGLE,14,737655.0,130,584128.59,20,150,MIDLE,0,-153526.41000000003
25,500000.0,MALE,SINGLE,14,249992.53,46,0.0,0,46,LOW,1,-249992.53
37,1850000.0,FEMALE,SINGLE,14,636064.15,210,12400.0,1,211,MIDLE,0,-623664.15
40,1500000.0,MALE,SINGLE,14,293179.52,96,394953.0,14,110,LOW,1,101773.47999999998
39,1500000.0,MALE,SINGLE,14,167343.3,46,167506.53,22,68,LOW,0,163.23000000001048
53,8500000.0,FEMALE,SINGLE,14,96951.3,47,115580.0,24,71,LOW,0,18628.699999999997
59,2500000.0,FEMALE,SINGLE,14,134249.7,40,134381.12,21,61,LOW,0,131.4199999999837
75,12000.0,FEMALE,MARRIED,23,286639.23,10,0.0,0,10,LOW,1,-286639.23
24,500000.0,FEMALE,SINGLE,14,250856.0,97,254815.0,22,119,LOW,0,3959.0
54,5000.0,FEMALE,SINGLE,13,1528.01,2,0.0,0,2,LOW,0,-1528.01
52,180.0,MALE,MARRIED,4,53328.96,17,0.0,0,17,MIDLE,1,-53328.96
43,1000000.0,MALE,SINGLE,14,409602.0,244,344220.0,33,277,MIDLE,0,-65382.0
52,18000.0,FEMALE,MARRIED,14,1470556.58,577,1908947.03,28,605,MIDLE,0,438390.44999999995
39,3000000.0,MALE,MARRIED,14,85411.72,40,25000.0,1,41,EXECUTIVE,0,-60411.72
37,2000000.0,FEMALE,SINGLE,14,53839.8,23,38500.0,5,28,MIDLE,1,-15339.800000000003
43,10000000.0,MALE,SINGLE,14,837723.39,308,940390.0,70,378,LOW,0,102666.60999999999
59,1000000.0,FEMALE,SINGLE,14,8092.0,8,0.0,0,8,LOW,0,-8092.0
37,1500000.0,MALE,SINGLE,14,3180892.5,572,3335143.1,37,609,MIDLE,0,154250.6000000001
54,5000.0,MALE,SINGLE,14,1063711.33,253,742586.58,35,288,LOW,0,-321124.7500000001
49,3000000.0,FEMALE,DIVORCE,14,1329838.25,375,1336164.98,21,396,MIDLE,0,6326.729999999981
44,3500000.0,FEMALE,SINGLE,13,944324.41,212,817885.92,22,234,LOW,0,-126438.48999999999
40,3000000.0,FEMALE,SINGLE,14,14363.6,23,13500.0,5,28,LOW,1,-863.6000000000004
60,150.0,FEMALE,SINGLE,14,2250.0,1,0.0,0,1,LOW,0,-2250.0
40,200.0,MALE,SINGLE,14,238433.17,20,488801.22,8,28,MIDLE,0,250368.04999999996
47,3000000.0,MALE,SINGLE,14,6407535.64,763,6450244.16,84,847,EXECUTIVE,0,42708.520000000484
37,750.0,FEMALE,SINGLE,14,5585.96,2,2486.31,1,3,MIDLE,1,-3099.65
40,1990000.0,MALE,SINGLE,14,126708.5,175,124978.78,17,192,LOW,0,-1729.7200000000012
57,1500000.0,MALE,SINGLE,14,520570.3,125,0.0,0,125,LOW,0,-520570.3
66,2500.0,MALE,SINGLE,14,756694.5,201,596311.44,21,222,MIDLE,0,-160383.06000000006
40,1000.0,MALE,MARRIED,14,7525920.38,106,0.0,0,106,PLATINUM,0,-7525920.38
41,4000000.0,MALE,SINGLE,14,5631530.33,705,5545228.85,193,898,EXECUTIVE,0,-86301.48000000045
60,3000.0,FEMALE,SINGLE,14,95572.3,78,95867.8,20,98,LOW,0,295.5
43,9612.21,FEMALE,SINGLE,14,535907.68,136,543061.19,51,187,MIDLE,0,7153.509999999893
41,10000000.0,FEMALE,SINGLE,14,305191.92,134,357679.09,16,150,MIDLE,0,52487.17000000004
56,6288000.0,FEMALE,MARRIED,14,750670.1,372,708077.12,76,448,LOW,0,-42592.97999999998
54,2185650.0,MALE,SINGLE,14,139443.3,47,138332.03,20,67,LOW,0,-1111.2699999999895
43,9500000.0,MALE,SINGLE,14,2119474.8,392,1683491.42,65,457,MIDLE,0,-435983.3799999999
44,,MALE,SINGLE,14,1000.0,2,0.0,0,2,MIDLE,1,-1000.0
44,5000000.0,MALE,SINGLE,14,8063936.75,552,7991112.61,46,598,PLATINUM,0,-72824.13999999966
60,547.0,MALE,SINGLE,14,401825.62,77,616088.55,51,128,LOW,0,214262.93000000005
46,500000.0,FEMALE,SINGLE,14,29082.45,30,0.0,0,30,MIDLE,0,-29082.45
50,2000000.0,MALE,SINGLE,14,68435.96,20,0.0,0,20,LOW,0,-68435.96
50,2500000.0,MALE,SINGLE,14,99043.6,77,2000.0,1,78,LOW,1,-97043.6
63,500000.0,MALE,SINGLE,14,388977.95,201,896571.61,38,239,MIDLE,0,507593.66
36,3550000.0,MALE,MARRIED,14,203136.87,132,94310.0,15,147,LOW,0,-108826.87
58,6000.0,MALE,SINGLE,25,347393.4,71,274200.0,16,87,MIDLE,0,-73193.40000000002
49,10000000.0,FEMALE,MARRIED,14,5000.0,1,0.0,0,1,MIDLE,0,-5000.0
35,1500000.0,FEMALE,SINGLE,13,200.0,1,0.0,0,1,LOW,1,-200.0
60,5000000.0,MALE,MARRIED,14,177694.99,39,26000.0,4,43,LOW,0,-151694.99
43,2500.0,MALE,SINGLE,14,583229.0,168,594250.59,24,192,MIDLE,0,11021.589999999967
53,1000000.0,FEMALE,SINGLE,14,869176.56,276,1814072.5,54,330,MIDLE,0,944895.94
45,2000000.0,MALE,SINGLE,14,207902.17,125,8000.0,1,126,LOW,0,-199902.17
18,2000.0,MALE,SINGLE,14,97491.09,387,0.0,0,387,LOW,0,-97491.09
50,10000000.0,FEMALE,SINGLE,14,147323.19,127,19300.0,6,133,EXECUTIVE,0,-128023.19
47,2500.0,MALE,SINGLE,14,138643.3,50,138772.57,21,71,LOW,0,129.27000000001863
44,1200000.0,MALE,SINGLE,14,415979.51,158,509697.01,18,176,MIDLE,0,93717.5
28,400000.0,MALE,SINGLE,14,156736.51,93,150000.0,19,112,LOW,0,-6736.510000000009
38,3000000.0,FEMALE,SINGLE,14,548558.81,154,1303470.76,29,183,MIDLE,0,754911.95
41,2000000.0,FEMALE,SINGLE,14,2672157.23,484,787625.0,52,536,MIDLE,0,-1884532.23
44,2000000.0,MALE,SINGLE,14,12100.34,6,0.0,0,6,MIDLE,0,-12100.34
46,16500.0,MALE,MARRIED,14,59589.52,15,60500.0,4,19,LOW,1,910.4800000000032
37,1000000.0,FEMALE,SINGLE,14,91985.2,55,76025.0,13,68,LOW,1,-15960.199999999997
54,2000.0,FEMALE,MARRIED,14,4900434.77,549,61900.0,8,557,PLATINUM,0,-4838534.77
54,5000000.0,FEMALE,SINGLE,13,131187.41,156,111650.0,12,168,MIDLE,0,-19537.410000000003
70,10000.0,MALE,DIVORCE,28,14406.08,7,0.0,0,7,PLATINUM,1,-14406.08
60,2250.0,MALE,SINGLE,14,16517.02,36,1600.0,2,38,LOW,0,-14917.02
34,500000.0,MALE,SINGLE,14,406831.79,172,224125.12,13,185,LOW,0,-182706.66999999998
49,20000.0,MALE,MARRIED,14,2545.47,2,0.0,0,2,PLATINUM,1,-2545.47
55,15000.0,FEMALE,MARRIED,23,58874.65,28,170788.81,14,42,MIDLE,1,111914.16
47,5000000.0,MALE,SINGLE,14,921296.74,395,927858.25,19,414,MIDLE,0,6561.510000000009
58,25000000.0,MALE,SINGLE,14,432214.23,21,432214.23,21,42,LOW,1,0.0
37,2500000.0,MALE,SINGLE,14,351125.25,131,344722.32,25,156,MIDLE,0,-6402.929999999993
64,5000000.0,FEMALE,SINGLE,14,9898.85,21,120024.68,32,53,LOW,0,110125.82999999999
43,2500000.0,MALE,MARRIED,14,3100.0,2,1200.0,1,3,LOW,0,-1900.0
50,1000000.0,MALE,SINGLE,14,376079.6,176,322365.73,18,194,LOW,0,-53713.869999999995
42,54000.0,FEMALE,SINGLE,14,83100.0,35,33500.0,12,47,LOW,0,-49600.0
47,15000.0,FEMALE,MARRIED,13,582583.24,297,213913.67,23,320,MIDLE,0,-368669.56999999995
51,1792864.0,MALE,SINGLE,14,568558.73,263,212000.0,34,297,MIDLE,0,-356558.73
37,2500000.0,MALE,SINGLE,14,134618.3,65,145348.53,22,87,LOW,0,10730.23000000001
57,2700000.0,MALE,SINGLE,13,1250.0,2,0.0,0,2,LOW,1,-1250.0
40,4500000.0,MALE,SINGLE,14,970941.85,314,1254520.68,20,334,MIDLE,0,283578.82999999996
67,5000.0,MALE,MARRIED,14,1350.0,17,195855.92,20,37,LOW,0,194505.92
43,1000000.0,FEMALE,MARRIED,14,690852.3,201,636386.79,21,222,MIDLE,0,-54465.51000000001
44,3000000.0,MALE,SINGLE,14,2435676.03,150,310170.0,27,177,MIDLE,0,-2125506.03
50,12061654.0,MALE,SINGLE,14,3819264.43,620,3752372.57,45,665,MIDLE,0,-66891.86000000034
61,5000000.0,MALE,SINGLE,14,47842.25,71,0.0,0,71,LOW,0,-47842.25
57,2500.0,MALE,SINGLE,14,237292.7,135,236520.16,21,156,LOW,0,-772.5400000000081
45,8000000.0,MALE,SINGLE,14,748923.78,112,756000.0,20,132,MIDLE,0,7076.219999999972
56,27597518.0,FEMALE,SINGLE,14,1443.3,2,13000.0,13,15,LOW,0,11556.7
77,2000000.0,FEMALE,MARRIED,14,131821.52,49,342700.0,19,68,LOW,0,210878.48
44,4100000.0,MALE,SINGLE,14,78426.57,58,119693.34,12,70,LOW,0,41266.76999999999
41,0.0,MALE,SINGLE,14,800284.37,383,801966.0,160,543,LOW,0,1681.6300000000047
49,200.0,FEMALE,SINGLE,13,32649.7,20,0.0,0,20,LOW,0,-32649.7
42,1277139.0,MALE,SINGLE,14,89943.3,56,90231.35,42,98,LOW,0,288.0500000000029
20,2000000.0,MALE,SINGLE,14,800.0,1,0.0,0,1,LOW,1,-800.0
23,100000.0,FEMALE,SINGLE,14,688859.66,173,232670.0,40,213,LOW,0,-456189.66000000003
34,200000.0,MALE,MARRIED,14,1399768.96,271,1084195.99,49,320,MIDLE,0,-315572.97
33,0.0,MALE,SINGLE,14,40626.6,20,3020.0,3,23,LOW,0,-37606.6
37,2500000.0,FEMALE,SINGLE,14,1886730.84,779,1856418.9,75,854,LOW,0,-30311.940000000177
43,6400000.0,FEMALE,SINGLE,14,381277.04,76,400678.14,18,94,LOW,0,19401.100000000035
17,1500000.0,MALE,SINGLE,14,39490.32,27,38692.0,39,66,LOW,0,-798.3199999999997
66,7010000.0,MALE,MARRIED,14,239343.3,53,27000.0,3,56,LOW,0,-212343.3
40,3000.0,MALE,SINGLE,14,71653.0,29,58900.0,8,37,MIDLE,0,-12753.0
51,3750.0,MALE,MARRIED,14,313415.5,140,330930.5,19,159,LOW,0,17515.0
39,2413473.0,MALE,MARRIED,14,178418.59,140,2000.0,1,141,LOW,0,-176418.59
58,2000000.0,FEMALE,SINGLE,14,426649.0,184,516534.49,22,206,LOW,0,89885.48999999999
56,5000.0,FEMALE,SINGLE,14,981493.26,480,1232566.75,48,528,MIDLE,0,251073.49
55,3096555.0,MALE,SINGLE,14,693304.1,51,76060.82,7,58,LOW,1,-617243.28
51,2000000.0,FEMALE,SINGLE,14,971498.92,345,943825.0,67,412,LOW,0,-27673.920000000042
49,2000000.0,FEMALE,SINGLE,14,78017.3,56,74090.21,20,76,LOW,0,-3927.0899999999965
42,1500000.0,MALE,SINGLE,14,191538.3,76,144850.22,20,96,LOW,0,-46688.07999999999
52,17000000.0,FEMALE,MARRIED,14,625271.31,170,235172.23,8,178,LOW,0,-390099.0800000001
36,1000000.0,MALE,SINGLE,14,367495.25,113,0.0,0,113,LOW,0,-367495.25
38,2800000.0,MALE,MARRIED,13,452358.38,130,2404801.86,32,162,MIDLE,0,1952443.48
37,1000000.0,FEMALE,MARRIED,14,1325773.65,198,1485780.0,97,295,MIDLE,0,160006.3500000001
61,180000.0,MALE,MARRIED,13,96319.02,70,43644.8,13,83,LOW,0,-52674.22
37,1500.0,MALE,MARRIED,14,39815.3,7,30000.0,1,8,MIDLE,0,-9815.300000000003
72,400.0,MALE,MARRIED,14,337314.15,6,0.0,0,6,MIDLE,0,-337314.15
41,500000.0,MALE,MARRIED,13,105.06,1,60000.0,5,6,LOW,1,59894.94
38,5000.0,MALE,SINGLE,14,113294.02,28,31000.0,3,31,MIDLE,1,-82294.02
71,4200000.0,MALE,MARRIED,14,32007.72,14,0.0,0,14,LOW,1,-32007.72
56,600.0,FEMALE,SINGLE,14,75800.0,26,9500.0,1,27,LOW,0,-66300.0
54,2145000.0,FEMALE,SINGLE,14,152343.3,52,152531.92,23,75,LOW,0,188.62000000002445
49,4302.0,MALE,SINGLE,14,565912.76,202,939946.63,55,257,LOW,0,374033.87
41,2000000.0,MALE,SINGLE,14,1616054.83,309,173681.41,19,328,LOW,0,-1442373.4200000002
47,3000000.0,MALE,SINGLE,14,664569.82,201,0.0,0,201,EXECUTIVE,0,-664569.82
56,8321790.0,FEMALE,DIVORCE,14,1919072.34,71,1133762.24,11,82,MIDLE,0,-785310.1000000001
46,3000.0,MALE,SINGLE,14,240557.46,354,247966.59,20,374,LOW,0,7409.130000000005
57,2500.0,MALE,MARRIED,14,610645.41,227,585325.52,21,248,MIDLE,0,-25319.890000000014
18,500.0,MALE,SINGLE,14,80976.86,43,37000.0,7,50,LOW,0,-43976.86
43,5031.0,MALE,SINGLE,14,337505.04,330,362650.0,131,461,LOW,0,25144.96000000002
47,19366.0,MALE,MARRIED,14,1348158.02,543,1421480.0,27,570,MIDLE,0,73321.97999999998
34,4000.0,FEMALE,SINGLE,14,205620.72,131,158892.44,18,149,LOW,0,-46728.28
44,1350000.0,FEMALE,SINGLE,14,153100.0,43,153263.99,21,64,LOW,0,163.9899999999907
37,1000000.0,MALE,SINGLE,14,216562.72,72,823455.28,7,79,LOW,0,606892.56
44,400.0,FEMALE,SINGLE,14,215768.23,94,902912.62,41,135,MIDLE,0,687144.39
65,4500.0,MALE,MARRIED,14,11303988.95,543,11246704.2,116,659,PLATINUM,0,-57284.75
36,1600000.0,FEMALE,SINGLE,14,120379.76,71,124650.0,19,90,LOW,0,4270.240000000005
55,1500000.0,MALE,DIVORCE,14,26270.0,24,19450.0,1,25,LOW,1,-6820.0
33,200000.0,MALE,SINGLE,14,130914.57,54,128477.68,26,80,LOW,0,-2436.890000000014
41,3500000.0,FEMALE,SINGLE,14,14710.78,4,14700.0,2,6,LOW,1,-10.780000000000655
54,6000.0,FEMALE,MARRIED,13,54992.8,36,26220.0,3,39,LOW,0,-28772.800000000003
49,2500.0,FEMALE,SINGLE,14,500715.8,124,472010.55,22,146,LOW,0,-28705.25
50,2000000.0,MALE,SINGLE,14,266994.22,75,24650.0,5,80,LOW,0,-242344.21999999997
45,1850000.0,FEMALE,SINGLE,14,129943.3,64,134983.58,22,86,LOW,0,5040.279999999984
34,700000.0,FEMALE,SINGLE,13,749.7,1,0.0,0,1,MIDLE,0,-749.7
47,500000.0,FEMALE,MARRIED,14,42702.3,16,17573.77,3,19,LOW,0,-25128.530000000002
41,5000000.0,FEMALE,MARRIED,14,1542445.38,449,813000.0,34,483,MIDLE,0,-729445.3799999999
45,10000000.0,MALE,MARRIED,12,304498.98,80,1300.0,1,81,MIDLE,0,-303198.98
41,1600.0,FEMALE,MARRIED,14,758456.39,141,402000.0,2,143,MIDLE,1,-356456.39
65,500.0,MALE,SINGLE,14,225592.02,80,29000.0,1,81,MIDLE,0,-196592.02
36,1000000.0,MALE,MARRIED,14,434392.45,154,435836.14,85,239,LOW,0,1443.6900000000023
28,2000000.0,MALE,SINGLE,14,800.0,1,0.0,0,1,LOW,1,-800.0
76,900000.0,MALE,MARRIED,14,1304.38,2,0.0,0,2,LOW,1,-1304.38
58,3500000.0,MALE,SINGLE,14,47328.7,58,25300.0,3,61,LOW,0,-22028.699999999997
58,5000000.0,MALE,MARRIED,14,617377.66,267,1270615.67,21,288,MIDLE,0,653238.0099999999
61,3100.0,FEMALE,SINGLE,14,12100.0,4,12147.25,2,6,LOW,1,47.25
55,4000.0,MALE,SINGLE,14,34478.43,27,0.0,0,27,LOW,1,-34478.43
62,2500.0,MALE,SINGLE,14,161900.0,67,164852.38,25,92,LOW,0,2952.3800000000047
44,4000000.0,MALE,SINGLE,13,16497.15,14,575.76,2,16,LOW,0,-15921.390000000001
60,7400000.0,MALE,MARRIED,14,22317.02,21,22300.0,11,32,LOW,0,-17.020000000000437
27,500000.0,MALE,SINGLE,14,2315167.94,1085,3358636.58,161,1246,MIDLE,0,1043468.6400000001
59,1500000.0,FEMALE,MARRIED,14,535684.68,130,528046.93,12,142,LOW,0,-7637.75
40,4000000.0,FEMALE,MARRIED,14,646933.04,205,9000.0,1,206,MIDLE,0,-637933.04
57,2500.0,FEMALE,SINGLE,14,6889.04,3,0.0,0,3,EXECUTIVE,0,-6889.04
49,5000.0,MALE,SINGLE,13,5339624.81,704,5181552.64,48,752,LOW,0,-158072.16999999993
53,22615005.0,FEMALE,SINGLE,14,447.78,1,15117.44,5,6,LOW,0,14669.66
57,2000000.0,MALE,SINGLE,14,65.91,2,0.0,0,2,LOW,1,-65.91
45,4500000.0,MALE,SINGLE,14,533054.74,145,571731.99,20,165,MIDLE,0,38677.25
37,12000000.0,MALE,MARRIED,14,5098026.99,760,5382606.42,147,907,MIDLE,0,284579.4299999997
48,10000.0,MALE,DIVORCE,21,1541396.32,615,2119499.22,20,635,MIDLE,0,578102.9000000001
60,3000.0,MALE,MARRIED,14,149792.6,53,149011.89,19,72,LOW,0,-780.7099999999919
68,4000.0,MALE,MARRIED,28,6834.04,4,0.0,0,4,MIDLE,0,-6834.04
28,1000.0,FEMALE,SINGLE,14,115498.78,63,115766.67,15,78,LOW,0,267.8899999999994
38,5000000.0,MALE,SINGLE,14,98724.24,40,98265.0,11,51,LOW,0,-459.24000000000524
32,500000.0,FEMALE,SINGLE,14,5502484.83,934,4922680.0,330,1264,MIDLE,0,-579804.8300000001
57,2145000.0,FEMALE,SINGLE,14,165561.8,69,147653.88,21,90,LOW,0,-17907.919999999984
52,1000000.0,MALE,SINGLE,14,127570.77,48,150020.29,21,69,LOW,0,22449.520000000004
33,1500000.0,FEMALE,SINGLE,14,108159.27,62,153795.44,8,70,MIDLE,0,45636.17
38,1500000.0,FEMALE,SINGLE,14,2034894.21,295,1850162.0,8,303,MIDLE,0,-184732.20999999996
39,10000000.0,MALE,MARRIED,14,1477803.14,422,1554678.53,32,454,LOW,0,76875.39000000013
58,5000000.0,MALE,MARRIED,14,271050.34,97,262266.34,20,117,LOW,0,-8784.0
70,5000.0,MALE,SINGLE,14,1872447.19,544,2578900.0,78,622,LOW,0,706452.81
43,2000000.0,FEMALE,SINGLE,14,532110.28,110,117200.0,9,119,LOW,0,-414910.28
58,4706769.0,FEMALE,MARRIED,25,2043077.25,619,2575132.53,58,677,MIDLE,0,532055.2799999998
51,2500000.0,MALE,SINGLE,14,171330.1,7,212000.0,9,16,LOW,1,40669.899999999994
58,4000.0,FEMALE,MARRIED,14,888738.33,617,891892.15,21,638,MIDLE,0,3153.820000000065
18,500000.0,MALE,SINGLE,14,811866.44,291,493000.0,37,328,LOW,0,-318866.43999999994
66,10000000.0,FEMALE,WIDOWED,14,594103.16,215,576028.0,52,267,MIDLE,0,-18075.160000000033
60,3000000.0,MALE,SINGLE,14,279495.56,264,236473.05,15,279,LOW,0,-43022.51000000001
61,1000.0,FEMALE,SINGLE,15,600.0,7,400.0,2,9,LOW,0,-200.0
56,2500000.0,FEMALE,SINGLE,14,19829.7,68,0.0,0,68,LOW,0,-19829.7
74,3000.0,FEMALE,MARRIED,14,1879797.89,367,2199861.98,58,425,MIDLE,0,320064.0900000001
38,1000000.0,MALE,SINGLE,14,321245.54,81,250173.5,16,97,LOW,0,-71072.03999999998
43,4706769.0,FEMALE,SINGLE,25,1660375.95,347,1794787.7,23,370,MIDLE,0,134411.75
38,2000000.0,FEMALE,SINGLE,14,8450135.3,776,7685863.08,76,852,EXECUTIVE,0,-764272.2200000007
59,5000.0,FEMALE,MARRIED,21,374464.85,155,706500.0,6,161,MIDLE,0,332035.15
40,200.0,MALE,SINGLE,13,559387.21,19,90500.0,2,21,LOW,1,-468887.20999999996
61,5000000.0,MALE,SINGLE,14,98218.28,32,11950.0,1,33,MIDLE,0,-86268.28
56,6000.0,FEMALE,SINGLE,14,416679.6,97,86000.0,6,103,LOW,0,-330679.6
55,2000.0,MALE,DIVORCE,21,259926.5,39,1513003.25,41,80,PLATINUM,0,1253076.75
41,10000.0,MALE,MARRIED,14,1049558.41,367,1517124.51,22,389,LOW,0,467566.1000000001
39,2417.37,MALE,SINGLE,14,95100.0,41,51600.0,19,60,LOW,0,-43500.0
43,1850000.0,FEMALE,SINGLE,14,676676.36,281,124600.0,8,289,MIDLE,0,-552076.36
36,2000000.0,MALE,SINGLE,14,1648518.08,289,21000.0,2,291,LOW,0,-1627518.08
37,3500000.0,MALE,SINGLE,14,508.98,1,0.0,0,1,LOW,1,-508.98
34,1500000.0,MALE,SINGLE,14,497853.42,186,198750.0,11,197,MIDLE,0,-299103.42
36,3000000.0,MALE,SINGLE,14,283149.36,91,253550.0,17,108,LOW,0,-29599.359999999986
65,1000000.0,FEMALE,MARRIED,14,151830.25,100,149577.71,19,119,LOW,0,-2252.540000000008
35,1000000.0,MALE,SINGLE,14,304626.22,105,290000.0,21,126,LOW,0,-14626.219999999972
36,0.0,FEMALE,SINGLE,14,73692.94,37,29050.0,5,42,LOW,1,-44642.94
44,9111960.0,MALE,MARRIED,14,723220.13,227,216000.0,7,234,MIDLE,0,-507220.13
40,1500000.0,MALE,SINGLE,14,162900.0,48,131847.05,20,68,LOW,0,-31052.95000000001
26,200000.0,FEMALE,SINGLE,14,38876.92,23,0.0,0,23,LOW,0,-38876.92
33,200000.0,FEMALE,SINGLE,13,253496.15,129,286900.0,58,187,LOW,0,33403.850000000006
34,1000000.0,MALE,SINGLE,14,128678.57,16,3000.0,1,17,LOW,1,-125678.57
42,7000000.0,MALE,SINGLE,21,11769.3,18,0.0,0,18,LOW,0,-11769.3
60,12577765.0,FEMALE,MARRIED,14,143228.21,105,25200.0,3,108,MIDLE,0,-118028.20999999999
57,4000.0,FEMALE,MARRIED,13,0.0,0,296840.35,2,2,MIDLE,1,296840.35
49,7116.64,MALE,MARRIED,25,4758311.63,887,5659653.33,65,952,EXECUTIVE,0,901341.7000000002
42,5000.0,MALE,MARRIED,14,2127729.5,79,2921120.77,21,100,MIDLE,0,793391.27
59,2500000.0,FEMALE,SINGLE,13,5493.6,6,0.0,0,6,LOW,1,-5493.6
18,1000000.0,FEMALE,SINGLE,3,6536.46,3,0.0,0,3,LOW,1,-6536.46
55,500.0,MALE,SINGLE,14,178189.8,224,189611.78,21,245,LOW,0,11421.98000000001
34,3000.0,MALE,SINGLE,14,75300.0,33,61600.0,27,60,LOW,0,-13700.0
41,1000000.0,MALE,SINGLE,14,77769.2,59,0.0,0,59,LOW,0,-77769.2
40,18000000.0,MALE,SINGLE,14,2742389.52,502,2631415.54,24,526,EXECUTIVE,0,-110973.97999999998
52,2500.0,MALE,MARRIED,14,211768.14,95,25500.0,3,98,LOW,1,-186268.14
58,10000.0,MALE,SINGLE,14,1994543.74,544,290600.0,23,567,MIDLE,0,-1703943.74
45,1000.0,FEMALE,SINGLE,14,164103.0,72,0.0,0,72,LOW,0,-164103.0
17,200000.0,MALE,SINGLE,14,95793.0,49,0.0,0,49,LOW,0,-95793.0
76,2500000.0,MALE,MARRIED,14,66343.3,52,1000.0,1,53,LOW,0,-65343.3
37,5000000.0,MALE,SINGLE,14,1660099.45,362,1532034.65,61,423,MIDLE,0,-128064.80000000005
67,2500000.0,MALE,MARRIED,14,3439.0,3,82000.0,1,4,MIDLE,0,78561.0
42,5000000.0,MALE,MARRIED,14,5196037.03,1052,5608749.55,66,1118,EXECUTIVE,0,412712.51999999955
66,2711097.0,MALE,MARRIED,24,50990.0,24,51504.57,9,33,LOW,1,514.5699999999997
44,2000000.0,MALE,SINGLE,14,391401.9,130,93000.0,21,151,LOW,1,-298401.9
43,3200000.0,MALE,SINGLE,14,453893.78,120,339000.0,6,126,LOW,0,-114893.78000000003
53,5000000.0,MALE,SINGLE,14,135100.0,35,135249.09,11,46,LOW,1,149.0899999999965
38,1800000.0,FEMALE,SINGLE,13,10731.58,17,12560.0,13,30,LOW,0,1828.42
63,2000000.0,FEMALE,MARRIED,14,2134377.78,52,417637.33,21,73,MIDLE,0,-1716740.4499999997
34,500000.0,FEMALE,SINGLE,14,3293.6,12,0.0,0,12,LOW,0,-3293.6
44,600.0,FEMALE,SINGLE,13,1376733.3,145,2111932.92,44,189,MIDLE,0,735199.6199999999
42,2400000.0,MALE,MARRIED,13,693.6,1,0.0,0,1,LOW,0,-693.6
47,500000.0,MALE,SINGLE,14,316724.77,34,0.0,0,34,MIDLE,0,-316724.77
57,3000000.0,MALE,MARRIED,13,5001059.79,239,2962900.0,7,246,LOW,0,-2038159.79
47,10000.0,MALE,MARRIED,14,69972617.41,1012,104391945.84,79,1091,PLATINUM,0,34419328.43000001
42,20425000.0,FEMALE,MARRIED,14,8769931.83,816,8420735.37,37,853,EXECUTIVE,0,-349196.4600000009
36,2500000.0,MALE,DIVORCE,14,8093.6,10,0.0,0,10,LOW,0,-8093.6
33,100000.0,MALE,SINGLE,14,1367461.02,792,2139478.63,40,832,MIDLE,0,772017.6099999999
48,3000000.0,MALE,DIVORCE,14,328855.74,212,1262380.04,56,268,MIDLE,0,933524.3
33,1500000.0,FEMALE,SINGLE,14,303708.65,81,0.0,0,81,LOW,0,-303708.65
62,5648.12,MALE,SINGLE,23,1374843.57,170,211897.52,16,186,MIDLE,0,-1162946.05
49,2500000.0,FEMALE,SINGLE,14,148297.42,48,160633.77,22,70,LOW,0,12336.349999999977
16,250000.0,MALE,SINGLE,14,35298.3,28,22500.0,15,43,LOW,0,-12798.300000000003
60,4500000.0,MALE,SINGLE,13,197864.94,70,198718.48,19,89,LOW,0,853.5400000000081
55,180000.0,FEMALE,SINGLE,14,34244.08,27,22614.94,6,33,LOW,0,-11629.140000000003
59,2500000.0,FEMALE,SINGLE,14,595782.66,232,611037.72,20,252,MIDLE,0,15255.05999999994
41,8000000.0,MALE,SINGLE,14,1897546.06,493,348700.0,26,519,LOW,0,-1548846.06
53,10000000.0,FEMALE,SINGLE,1,313706.91,17,0.0,0,17,PLATINUM,0,-313706.91
46,1800000.0,FEMALE,SINGLE,14,200439.3,128,257058.93,21,149,LOW,0,56619.630000000005
29,0.0,MALE,SINGLE,14,552100.0,130,516751.25,31,161,LOW,0,-35348.75
42,7950000.0,FEMALE,SINGLE,14,192000.0,28,192000.0,28,56,MIDLE,0,0.0
52,1500000.0,MALE,SINGLE,14,159250.0,52,159498.93,21,73,LOW,0,248.92999999999302
41,1500000.0,FEMALE,SINGLE,14,131656.25,54,172395.12,22,76,LOW,0,40738.869999999995
18,750000.0,FEMALE,SINGLE,14,693.6,1,0.0,0,1,LOW,1,-693.6
68,4500.0,MALE,SINGLE,14,5645.6,26,0.0,0,26,LOW,1,-5645.6
39,4570000.0,MALE,SINGLE,14,571123.85,118,660366.76,30,148,MIDLE,0,89242.91000000003
44,9759.96,MALE,MARRIED,23,4967108.73,1585,5012788.84,137,1722,EXECUTIVE,0,45680.109999999404
56,5000000.0,MALE,SINGLE,14,80425.06,65,25100.0,5,70,MIDLE,0,-55325.06
55,1000000.0,MALE,SINGLE,14,16793.6,11,0.0,0,11,LOW,0,-16793.6
52,15000000.0,MALE,MARRIED,14,78461.95,30,68500.0,5,35,LOW,1,-9961.949999999997
46,2250.0,MALE,SINGLE,14,111900.0,53,112191.2,36,89,LOW,0,291.1999999999971
38,3500000.0,FEMALE,SINGLE,14,2133345.06,716,1334409.73,57,773,MIDLE,0,-798935.3300000001
34,1000.0,MALE,SINGLE,14,2473621.68,1207,2641348.01,217,1424,MIDLE,0,167726.3299999996
57,5000000.0,MALE,MARRIED,14,20033.1,20,0.0,0,20,LOW,1,-20033.1
38,1500000.0,FEMALE,SINGLE,14,542939.72,345,501419.14,31,376,LOW,0,-41520.57999999996
46,2000000.0,MALE,SINGLE,14,44155.0,19,8500.0,2,21,LOW,1,-35655.0
34,500000.0,MALE,SINGLE,14,374132.51,172,359295.0,79,251,LOW,0,-14837.51000000001
43,5000.0,FEMALE,SINGLE,14,504314.48,149,586474.85,40,189,LOW,0,82160.37
53,2500000.0,MALE,SINGLE,14,176671.9,58,151030.72,21,79,LOW,0,-25641.179999999993
60,3500.0,FEMALE,MARRIED,14,151220.0,40,153914.0,20,60,LOW,0,2694.0
51,9000000.0,MALE,MARRIED,14,3274551.81,960,3346150.18,109,1069,MIDLE,0,71598.37000000011
54,2185650.0,MALE,SINGLE,14,291693.3,95,302079.39,49,144,LOW,0,10386.090000000026
29,1000000.0,MALE,SINGLE,14,38066.32,18,0.0,0,18,MIDLE,0,-38066.32
32,100000.0,FEMALE,MARRIED,14,387664.67,199,367450.0,28,227,LOW,0,-20214.669999999984
46,15000000.0,FEMALE,MARRIED,14,350497.85,254,173400.0,15,269,LOW,0,-177097.84999999998
55,1500000.0,MALE,SINGLE,14,73543.3,21,52000.0,19,40,LOW,0,-21543.300000000003
41,3200000.0,FEMALE,SINGLE,14,72564.2,14,0.0,0,14,LOW,1,-72564.2
54,3000000.0,FEMALE,SINGLE,14,0.0,0,59528.0,20,20,LOW,1,59528.0
64,5000000.0,FEMALE,MARRIED,14,381811.75,5,3960516.37,19,24,MIDLE,0,3578704.62
38,3000000.0,MALE,SINGLE,14,790.0,8,1000.0,2,10,LOW,1,210.0
31,3500000.0,FEMALE,SINGLE,14,196.0,1,0.0,0,1,LOW,1,-196.0
48,1850000.0,MALE,SINGLE,14,4700.0,7,3700.0,6,13,LOW,0,-1000.0
61,1350000.0,MALE,MARRIED,14,226513.3,114,216075.32,43,157,LOW,0,-10437.979999999981
72,2500000.0,FEMALE,SINGLE,14,523000.0,125,300708.0,20,145,MIDLE,0,-222292.0
49,2000000.0,FEMALE,MARRIED,14,6500.0,2,0.0,0,2,LOW,0,-6500.0
56,2500.0,MALE,SINGLE,14,2439.52,5,35.63,1,6,LOW,0,-2403.89
44,5000000.0,FEMALE,SINGLE,14,545072.75,137,327500.0,54,191,LOW,0,-217572.75
41,1000.0,MALE,SINGLE,14,5814797.53,1362,6251396.18,64,1426,EXECUTIVE,0,436598.64999999944
58,2000000.0,FEMALE,SINGLE,14,436241.25,194,554121.13,23,217,LOW,0,117879.88
35,1723909.0,MALE,SINGLE,14,855138.04,267,546600.0,44,311,MIDLE,0,-308538.04000000004
49,2259248.0,MALE,SINGLE,22,899292.8,442,1145225.9,27,469,MIDLE,0,245933.09999999986
18,1000000.0,FEMALE,SINGLE,14,1295974.07,218,1129307.81,48,266,MIDLE,0,-166666.26
53,2850000.0,FEMALE,MARRIED,14,1164606.03,329,1229201.56,19,348,MIDLE,0,64595.53000000003
58,4628875.0,FEMALE,MARRIED,14,210883.51,150,138976.23,36,186,LOW,0,-71907.28
55,8000000.0,MALE,MARRIED,14,125487.33,40,25000.0,5,45,MIDLE,0,-100487.33
46,48900.0,MALE,DIVORCE,14,3126861.21,512,4515567.38,61,573,EXECUTIVE,0,1388706.17
45,2500.0,MALE,SINGLE,14,113843.3,58,107548.75,17,75,LOW,0,-6294.550000000003
42,25000000.0,FEMALE,MARRIED,14,990320.63,1072,1077004.5,263,1335,MIDLE,0,86683.87
38,2500000.0,MALE,MARRIED,13,2837358.32,1011,1864700.0,65,1076,MIDLE,0,-972658.3199999998
51,2500000.0,FEMALE,SINGLE,14,204149.68,84,153464.02,21,105,LOW,0,-50685.66
49,3000000.0,FEMALE,SINGLE,14,685906.0,264,685236.2,20,284,MIDLE,0,-669.8000000000466
35,250000.0,MALE,MARRIED,14,211155.4,127,33740.0,10,137,LOW,0,-177415.4
43,,MALE,SINGLE,14,229406.14,101,250801.56,12,113,MIDLE,0,21395.419999999984
52,5000000.0,FEMALE,DIVORCE,14,943806.47,338,940118.04,27,365,MIDLE,0,-3688.429999999935
38,1000000.0,FEMALE,SINGLE,14,6115.16,7,0.0,0,7,LOW,0,-6115.16
43,,FEMALE,MARRIED,23,9751.2,21,2900.0,1,22,MIDLE,0,-6851.200000000001
50,7000.0,MALE,MARRIED,14,229642.28,124,0.0,0,124,LOW,0,-229642.28
59,2500.0,MALE,MARRIED,14,248843.34,6,28589926.28,9,15,LOW,0,28341082.94
54,25000.0,FEMALE,SINGLE,22,831941.13,410,2315462.55,20,430,MIDLE,0,1483521.42
65,1200000.0,FEMALE,SINGLE,14,5470.83,9,0.0,0,9,LOW,0,-5470.83
52,5000.0,MALE,SINGLE,14,38500.0,35,38500.0,35,70,LOW,1,0.0
39,5000000.0,MALE,SINGLE,14,9366032.26,354,3900389.31,11,365,MIDLE,1,-5465642.949999999
49,2500.0,MALE,MARRIED,15,738714.81,67,520000.0,13,80,LOW,0,-218714.81000000006
31,1000.0,FEMALE,SINGLE,14,7391357.43,784,6797995.44,53,837,EXECUTIVE,0,-593361.9899999993
52,2000000.0,MALE,SINGLE,14,60951.54,39,86933.45,22,61,LOW,0,25981.909999999996
41,100.0,MALE,MARRIED,14,10822988.48,1698,10613859.18,241,1939,EXECUTIVE,0,-209129.30000000075
44,1350.0,FEMALE,MARRIED,14,945941.88,397,365200.0,35,432,MIDLE,0,-580741.88
62,3500.0,MALE,SINGLE,14,150743.3,56,158955.92,21,77,LOW,0,8212.620000000024
57,3000.0,FEMALE,MARRIED,14,3721609.08,333,4865722.99,34,367,PLATINUM,0,1144113.9100000001
54,400.0,MALE,SINGLE,14,684633.23,224,2054633.03,50,274,MIDLE,0,1369999.8
20,100000.0,MALE,SINGLE,14,693.6,1,0.0,0,1,LOW,1,-693.6
33,1000000.0,FEMALE,MARRIED,14,1032112.86,341,1168067.0,17,358,MIDLE,0,135954.14
57,3500.0,MALE,SINGLE,14,132934.0,56,133104.36,20,76,LOW,0,170.35999999998603
44,2500.0,FEMALE,SINGLE,14,214441.24,48,105176.36,8,56,LOW,1,-109264.87999999999
55,2000000.0,FEMALE,SINGLE,14,37972.6,50,0.0,0,50,LOW,1,-37972.6
39,13000.0,FEMALE,SINGLE,14,230732.48,91,17750.0,3,94,LOW,0,-212982.48
63,2500.0,MALE,MARRIED,14,691226.24,334,422330.3,26,360,LOW,0,-268895.94
55,550.0,FEMALE,MARRIED,14,3896.37,10,410991.54,8,18,LOW,1,407095.17
67,3000000.0,FEMALE,MARRIED,14,1602000.89,10,307100.0,11,21,EXECUTIVE,0,-1294900.89
39,1500.0,MALE,SINGLE,14,20365.0,16,20000.0,1,17,MIDLE,1,-365.0
59,5000000.0,MALE,SINGLE,14,19693.6,20,10300.0,6,26,LOW,0,-9393.599999999999
24,0.0,MALE,SINGLE,14,1003037.58,71,1119000.0,19,90,LOW,1,115962.42000000004
39,1000000.0,MALE,SINGLE,14,195816.23,80,254000.0,22,102,MIDLE,0,58183.76999999999
51,1500000.0,MALE,SINGLE,14,395536.12,137,321514.0,21,158,LOW,0,-74022.12
52,4400000.0,MALE,SINGLE,14,591358.6,124,590656.27,25,149,MIDLE,0,-702.3299999999581
46,3000000.0,MALE,SINGLE,14,20400.0,7,0.0,0,7,LOW,0,-20400.0
62,3000.0,MALE,MARRIED,14,500068.6,205,491994.2,28,233,LOW,0,-8074.399999999965
52,450.0,FEMALE,MARRIED,14,36046143.59,132,25388801.92,23,155,PLATINUM,0,-10657341.670000002
37,3000.0,MALE,SINGLE,14,6443.3,3,0.0,0,3,LOW,1,-6443.3
71,1000000.0,MALE,MARRIED,14,200232.0,73,135558.84,20,93,LOW,0,-64673.16
46,2500000.0,MALE,SINGLE,14,95441.6,53,95587.04,17,70,LOW,1,145.43999999998778
62,50000000.0,MALE,SINGLE,14,11136.22,4,11136.22,4,8,LOW,1,0.0
16,1000000.0,MALE,SINGLE,14,47200.0,24,41000.0,1,25,LOW,0,-6200.0
39,1000000.0,MALE,SINGLE,14,757104.7,543,791033.32,24,567,LOW,0,33928.619999999995
55,1000000.0,MALE,SINGLE,14,83974.21,58,84273.33,22,80,MIDLE,0,299.11999999999534
43,1500.0,MALE,MARRIED,14,3102330.21,1062,4184886.63,128,1190,EXECUTIVE,0,1082556.42
61,6000000.0,FEMALE,DIVORCE,14,1594849.36,692,2240447.05,45,737,MIDLE,0,645597.6899999997
47,4000000.0,MALE,MARRIED,14,136054.74,44,103000.0,5,49,MIDLE,0,-33054.73999999999
63,3500.0,MALE,MARRIED,14,165715.0,97,164588.78,21,118,LOW,0,-1126.2200000000012
48,2750000.0,FEMALE,SINGLE,14,215895.75,169,218795.95,19,188,LOW,0,2900.2000000000116
57,57000.0,FEMALE,SINGLE,22,1159743.55,622,1753609.73,60,682,LOW,0,593866.1799999999
57,500000.0,FEMALE,SINGLE,14,92355.68,48,13000.0,1,49,LOW,1,-79355.68
33,500000.0,MALE,SINGLE,14,1700.34,2,0.0,0,2,MIDLE,1,-1700.34
52,4000000.0,FEMALE,SINGLE,2,11093.6,7,0.0,0,7,LOW,0,-11093.6
22,1000000.0,MALE,SINGLE,14,1584732.28,179,1360973.0,67,246,MIDLE,0,-223759.28000000003
52,9000000.0,MALE,SINGLE,13,2227.48,4,5000.0,1,5,LOW,1,2772.52
51,8869000.0,FEMALE,WIDOWED,14,30240.71,25,1144463.11,18,43,MIDLE,0,1114222.4000000001
62,3000.0,FEMALE,SINGLE,14,171700.0,53,182098.7,19,72,LOW,1,10398.700000000012
31,500000.0,FEMALE,SINGLE,14,54630.0,25,24700.0,4,29,LOW,1,-29930.0
44,1800.0,FEMALE,SINGLE,14,91648.6,21,157000.0,1,22,LOW,0,65351.399999999994
37,1970182.0,FEMALE,SINGLE,14,1939724.94,438,2796140.24,64,502,EXECUTIVE,0,856415.3000000003
32,1500000.0,MALE,SINGLE,14,1348090.86,406,1036500.0,39,445,MIDLE,0,-311590.8600000001
37,3500000.0,MALE,SINGLE,14,177285.63,48,0.0,0,48,LOW,0,-177285.63
40,1000000.0,MALE,MARRIED,14,2478876.05,219,731127.99,8,227,LOW,0,-1747748.0599999998
43,486.0,MALE,SINGLE,14,3832.91,2,84356.94,1,3,MIDLE,0,80524.03
43,4000000.0,FEMALE,MARRIED,14,2000.0,10,0.0,0,10,EXECUTIVE,0,-2000.0
38,2500000.0,MALE,SINGLE,14,46993.6,30,17200.0,3,33,LOW,0,-29793.6
45,246.0,MALE,SINGLE,13,333369.0,130,369405.0,53,183,LOW,0,36036.0
65,7364.0,MALE,MARRIED,10,1889.04,2,0.0,0,2,LOW,1,-1889.04
46,1500000.0,MALE,SINGLE,14,137604.17,83,125500.0,25,108,LOW,0,-12104.170000000013
72,1000000.0,FEMALE,MARRIED,14,60845.44,41,7000.0,1,42,LOW,0,-53845.44
66,,FEMALE,MARRIED,21,101900.0,58,75482.6,32,90,LOW,0,-26417.399999999994
32,500000.0,MALE,SINGLE,14,112794.31,27,851829.02,20,47,MIDLE,0,739034.71
49,5648123.0,FEMALE,SINGLE,21,473475.08,245,1836890.28,24,269,MIDLE,0,1363415.2
31,500000.0,MALE,SINGLE,14,2555.0,6,600.0,1,7,LOW,1,-1955.0
41,2000000.0,FEMALE,SINGLE,14,194327.99,52,140780.0,11,63,LOW,0,-53547.98999999999
43,5000.0,MALE,SINGLE,14,22414.12,7,0.0,0,7,LOW,1,-22414.12
64,1000000.0,MALE,MARRIED,14,441240.06,112,441755.64,21,133,MIDLE,0,515.5800000000163
22,180000.0,MALE,MARRIED,14,28143.3,41,1500.0,1,42,LOW,0,-26643.3
57,1800000.0,MALE,SINGLE,14,38993.6,14,0.0,0,14,LOW,0,-38993.6
46,2100000.0,MALE,SINGLE,14,434099.42,94,668609.36,19,113,LOW,0,234509.94
46,2000.0,MALE,MARRIED,14,157567.2,137,201446.5,18,155,LOW,0,43879.29999999999
41,500000.0,MALE,SINGLE,14,98594.8,45,44066.0,7,52,LOW,1,-54528.8
51,5000000.0,MALE,SINGLE,14,507943.26,256,589342.98,24,280,LOW,1,81399.71999999997
47,8133297.0,MALE,DIVORCE,24,1519524.79,524,2616270.82,429,953,MIDLE,0,1096746.0299999998
37,8000000.0,FEMALE,MARRIED,14,305982.9,67,157950.0,5,72,MIDLE,0,-148032.90000000002
52,1000000.0,FEMALE,SINGLE,14,5300.0,6,1000.0,2,8,LOW,0,-4300.0
72,1.0,FEMALE,MARRIED,21,308108.33,228,245924.11,46,274,LOW,0,-62184.22000000003
42,6550000.0,FEMALE,MARRIED,14,506293.86,200,1802389.58,75,275,MIDLE,0,1296095.7200000002
48,20000000.0,FEMALE,SINGLE,14,1235573.89,87,187100.0,8,95,MIDLE,1,-1048473.8899999999
36,1000000.0,FEMALE,SINGLE,14,329229.05,355,218240.1,17,372,LOW,0,-110988.94999999998
42,3500000.0,MALE,SINGLE,14,2710.78,6,123000.0,3,9,LOW,1,120289.22
47,3500.0,FEMALE,MARRIED,14,140943.3,58,141151.98,20,78,LOW,0,208.68000000002212
48,2500000.0,MALE,SINGLE,14,153713.3,113,153752.02,21,134,LOW,0,38.720000000001164
52,2500000.0,MALE,SINGLE,14,157763.3,62,163312.69,21,83,LOW,0,5549.390000000014
62,,FEMALE,SINGLE,23,82043.3,47,0.0,0,47,LOW,0,-82043.3
61,2000000.0,MALE,MARRIED,14,42130.61,26,0.0,0,26,LOW,1,-42130.61
45,1500000.0,FEMALE,SINGLE,13,433340.43,133,350280.0,14,147,MIDLE,0,-83060.43
26,0.0,FEMALE,SINGLE,14,8008.8,15,7750.0,3,18,LOW,1,-258.8000000000002
39,15000000.0,FEMALE,SINGLE,13,137467.01,57,0.0,0,57,EXECUTIVE,0,-137467.01
43,2500.0,MALE,SINGLE,14,1348552.5,101,150164.43,21,122,LOW,0,-1198388.07
64,1000000.0,FEMALE,MARRIED,14,423679.8,253,436371.43,18,271,LOW,0,12691.630000000005
28,500000.0,FEMALE,SINGLE,14,1443.3,2,0.0,0,2,LOW,1,-1443.3
23,0.0,MALE,SINGLE,14,396129.15,125,213700.0,25,150,LOW,1,-182429.15000000002
42,1000000.0,FEMALE,SINGLE,14,356072.12,226,1394689.1,19,245,MIDLE,0,1038616.9800000001
54,6000000.0,FEMALE,SINGLE,14,83203.08,25,152242.7,4,29,MIDLE,0,69039.62000000001
35,500000.0,MALE,SINGLE,14,8067.49,7,102500.0,4,11,MIDLE,0,94432.51
43,2000000.0,MALE,SINGLE,14,263272.26,106,212000.0,11,117,LOW,0,-51272.26000000001
31,800000.0,MALE,SINGLE,14,440236.4,170,383000.0,32,202,LOW,0,-57236.40000000002
54,2300000.0,MALE,SINGLE,14,127615.0,61,128141.91,21,82,LOW,0,526.9100000000035
53,1800000.0,MALE,SINGLE,14,26242.0,52,24450.0,13,65,LOW,0,-1792.0
47,2500.0,MALE,SINGLE,14,407558.54,73,266600.83,11,84,LOW,0,-140957.70999999996
52,8000.0,MALE,MARRIED,25,12495102.39,1133,16065455.48,69,1202,PLATINUM,0,3570353.09
53,48500000.0,MALE,SINGLE,14,767296.92,206,195800.0,12,218,LOW,0,-571496.92
60,2000000.0,MALE,SINGLE,14,20107.72,22,55131.0,1,23,LOW,1,35023.28
43,5000000.0,MALE,SINGLE,14,4733533.77,665,6294846.77,26,691,PLATINUM,0,1561313.0
40,5000000.0,MALE,SINGLE,14,700303.96,360,626630.0,65,425,MIDLE,0,-73673.95999999996
40,4000000.0,MALE,SINGLE,14,275319.54,96,192500.0,11,107,LOW,0,-82819.53999999998
50,3066960.0,MALE,SINGLE,14,363386.91,150,523811.14,29,179,MIDLE,0,160424.23000000004
59,1850000.0,FEMALE,SINGLE,14,151643.3,50,151964.32,21,71,LOW,0,321.0200000000186
41,4600000.0,MALE,SINGLE,14,2774096.38,114,2263728.0,14,128,MIDLE,0,-510368.3799999999
57,3500.0,MALE,SINGLE,14,95467.3,32,95482.24,20,52,LOW,0,14.940000000002328
64,1000000.0,FEMALE,SINGLE,4,46275.3,136,0.0,0,136,LOW,0,-46275.3
47,1833125.0,FEMALE,SINGLE,14,136943.3,48,137275.33,21,69,LOW,0,332.02999999999884
57,2500.0,MALE,SINGLE,14,57593.6,31,0.0,0,31,LOW,1,-57593.6
39,5000000.0,MALE,MARRIED,14,7294.85,9,525.0,2,11,MIDLE,1,-6769.85
39,5000000.0,FEMALE,MARRIED,14,21449.99,39,21066.58,36,75,MIDLE,1,-383.40999999999985
52,2750000.0,FEMALE,SINGLE,14,4114.46,4,0.0,0,4,MIDLE,1,-4114.46
45,6500000.0,FEMALE,SINGLE,14,553850.34,13,24000.0,2,15,MIDLE,0,-529850.34
62,2023719.0,MALE,SINGLE,14,13343.3,10,0.0,0,10,LOW,0,-13343.3
57,1500.0,FEMALE,MARRIED,14,178537.71,121,110000.0,12,133,LOW,0,-68537.70999999999
57,20000000.0,FEMALE,MARRIED,13,20.0,1,22800.0,5,6,LOW,0,22780.0
58,2500.0,FEMALE,MARRIED,14,153215.3,101,153705.65,24,125,LOW,0,490.3500000000058
35,750000.0,MALE,SINGLE,14,2098383.7,597,2116726.6,84,681,MIDLE,0,18342.899999999907
50,3000000.0,FEMALE,SINGLE,14,972539.23,185,367383.0,16,201,MIDLE,0,-605156.23
55,3657351.0,FEMALE,SINGLE,14,1900.0,5,1600.0,3,8,MIDLE,0,-300.0
38,12800000.0,FEMALE,SINGLE,14,745567.68,222,881371.43,24,246,MIDLE,0,135803.75
45,4000000.0,MALE,SINGLE,14,141820.5,55,44000.0,4,59,MIDLE,1,-97820.5
39,4000.0,FEMALE,SINGLE,14,218038.39,90,82370.0,9,99,LOW,0,-135668.39
46,5000000.0,FEMALE,SINGLE,14,2128.47,3,87573.42,1,4,LOW,1,85444.95
33,1000.0,FEMALE,SINGLE,14,73790.69,39,68984.0,4,43,LOW,1,-4806.690000000002
55,1500000.0,MALE,WIDOWED,14,107307.42,65,0.0,0,65,LOW,0,-107307.42
56,2591052.0,MALE,SINGLE,14,234544.8,131,236192.23,26,157,LOW,0,1647.4300000000221
46,2418316.0,FEMALE,SINGLE,14,184800.0,75,0.0,0,75,LOW,0,-184800.0
36,2000000.0,MALE,SINGLE,14,1236621.16,120,4859043.27,24,144,EXECUTIVE,0,3622422.1099999994
51,1000.0,FEMALE,SINGLE,14,140201.6,74,2223962.78,23,97,MIDLE,0,2083761.1799999997
53,2500.0,MALE,SINGLE,13,29700.0,33,0.0,0,33,LOW,0,-29700.0
48,3500.0,FEMALE,SINGLE,14,383792.75,120,291310.5,19,139,LOW,0,-92482.25
43,6500000.0,MALE,SINGLE,14,4417.02,15,2000.0,1,16,MIDLE,1,-2417.0200000000004
48,9000000.0,FEMALE,SINGLE,5,338470.29,60,442100.0,21,81,LOW,0,103629.71000000002
49,2556.0,MALE,SINGLE,14,493368.18,189,448451.42,21,210,LOW,0,-44916.76000000001
36,2208885.0,FEMALE,MARRIED,14,949.7,2,0.0,0,2,MIDLE,0,-949.7
41,12000.0,MALE,SINGLE,14,328602.8,76,562950.0,7,83,LOW,0,234347.2
43,5000000.0,MALE,MARRIED,14,9841024.53,929,5258507.01,137,1066,MIDLE,0,-4582517.52
25,150000.0,FEMALE,SINGLE,14,193636.34,6,84613.76,14,20,MIDLE,0,-109022.58
37,1000.0,FEMALE,SINGLE,14,13668.3,46,1000.0,1,47,LOW,0,-12668.3
61,3200.0,FEMALE,MARRIED,14,6647049.14,715,11403401.06,205,920,MIDLE,0,4756351.920000001
53,6500000.0,MALE,DIVORCE,13,1100842.64,459,3069629.89,61,520,EXECUTIVE,0,1968787.2500000002
33,1000000.0,FEMALE,SINGLE,14,1879.5,6,75500.0,3,9,MIDLE,0,73620.5
59,5000000.0,MALE,MARRIED,8,0.0,0,232577.39,8,8,LOW,0,232577.39
40,5000.0,MALE,SINGLE,14,2658.98,8,0.0,0,8,LOW,1,-2658.98
57,15000000.0,MALE,MARRIED,13,3600.0,18,90000.0,1,19,MIDLE,1,86400.0
50,3000000.0,MALE,SINGLE,14,414.12,1,0.0,0,1,MIDLE,1,-414.12
54,3000.0,MALE,MARRIED,14,31576.92,8,0.0,0,8,LOW,0,-31576.92
62,260.0,MALE,SINGLE,14,22811.82,13,40000.0,2,15,LOW,1,17188.18
38,1000000.0,MALE,SINGLE,14,1400.0,5,0.0,0,5,MIDLE,0,-1400.0
61,3000.0,MALE,MARRIED,14,141293.3,48,141534.8,20,68,LOW,0,241.5
41,13800000.0,FEMALE,SINGLE,14,4136138.26,549,4541039.09,46,595,MIDLE,0,404900.8300000001
47,300.0,FEMALE,SINGLE,21,582715.0,192,587960.38,31,223,LOW,0,5245.380000000005
53,2000000.0,FEMALE,SINGLE,14,130700.0,53,131200.0,20,73,LOW,0,500.0
39,3000000.0,MALE,MARRIED,14,24936.76,15,25000.0,1,16,LOW,1,63.2400000000016
33,1500.0,MALE,SINGLE,14,799155.53,182,932818.8,41,223,MIDLE,0,133663.27000000002
47,2800000.0,MALE,SINGLE,14,261231.85,224,53995.5,4,228,LOW,0,-207236.35
51,1500.0,MALE,SINGLE,14,143500.0,37,150358.21,21,58,LOW,0,6858.209999999992
53,9250000.0,FEMALE,SINGLE,14,80800.0,23,80000.0,4,27,LOW,0,-800.0
56,10000000.0,MALE,SINGLE,14,1407395.36,42,791000.0,4,46,MIDLE,0,-616395.3600000001
38,2000000.0,MALE,SINGLE,14,490408.52,236,96236.0,15,251,MIDLE,0,-394172.52
37,5000000.0,MALE,SINGLE,14,2375181.03,118,175190.95,4,122,PLATINUM,0,-2199990.0799999996
63,25510.0,MALE,MARRIED,14,991654.58,279,1207169.73,18,297,EXECUTIVE,0,215515.15000000002
55,2500000.0,FEMALE,MARRIED,14,340123.81,203,334081.9,21,224,LOW,0,-6041.909999999974
39,18492.0,FEMALE,SINGLE,14,146720.64,73,5481.03,4,77,LOW,0,-141239.61000000002
55,2000.0,MALE,SINGLE,14,4100.0,3,0.0,0,3,MIDLE,1,-4100.0
40,4000000.0,FEMALE,MARRIED,14,12626.34,28,0.0,0,28,EXECUTIVE,0,-12626.34
39,3000.0,MALE,SINGLE,14,420823.68,278,195900.0,13,291,MIDLE,0,-224923.68
57,2118000.0,FEMALE,SINGLE,14,156986.34,111,236700.0,37,148,LOW,0,79713.66
34,1000000.0,MALE,SINGLE,14,1013699.46,141,795010.0,44,185,LOW,0,-218689.45999999996
16,500000.0,MALE,SINGLE,14,148606.03,55,124000.0,17,72,LOW,0,-24606.03
38,2098000.0,FEMALE,SINGLE,14,684735.15,165,762934.87,32,197,MIDLE,0,78199.71999999997
48,3000.0,FEMALE,SINGLE,14,151396.99,68,0.0,0,68,LOW,1,-151396.99
38,300000.0,FEMALE,SINGLE,14,54870.0,23,54950.0,16,39,LOW,0,80.0
62,2300.0,MALE,MARRIED,14,1045692.08,255,3902729.56,56,311,MIDLE,0,2857037.48
50,2500.0,MALE,SINGLE,14,1402470.26,392,1171021.1,38,430,MIDLE,0,-231449.15999999992
35,5000.0,MALE,SINGLE,14,105493.6,14,105750.0,4,18,MIDLE,0,256.3999999999942
40,4000000.0,MALE,SINGLE,14,144790.35,73,78764.54,35,108,LOW,1,-66025.81000000001
36,2000000.0,FEMALE,SINGLE,14,255955.55,58,18000.0,1,59,MIDLE,0,-237955.55
36,3000000.0,MALE,MARRIED,14,706309.23,151,450430.7,47,198,MIDLE,0,-255878.52999999997
29,1000000.0,FEMALE,SINGLE,13,35941.72,27,53200.0,14,41,LOW,0,17258.28
18,500000.0,MALE,SINGLE,14,0.0,0,42000.0,14,14,LOW,0,42000.0
42,1500000.0,FEMALE,SINGLE,14,728005.63,186,889780.9,28,214,LOW,0,161775.27000000002
46,15000000.0,MALE,SINGLE,2,717021.64,64,2154000.0,10,74,PLATINUM,1,1436978.3599999999
61,2500.0,FEMALE,MARRIED,14,533717.5,90,0.0,0,90,LOW,0,-533717.5
41,1014.0,FEMALE,SINGLE,14,246280.52,73,199300.0,23,96,LOW,0,-46980.51999999999
66,1800000.0,FEMALE,WIDOWED,14,149047.68,106,141850.0,20,126,LOW,0,-7197.679999999993
51,2000000.0,MALE,SINGLE,14,1187433.45,457,1170815.71,21,478,LOW,0,-16617.73999999999
43,2500.0,MALE,SINGLE,13,352260.49,161,326000.0,35,196,LOW,0,-26260.48999999999
65,15000000.0,MALE,MARRIED,3,21155186.06,158,0.0,0,158,EXECUTIVE,0,-21155186.06
39,2500000.0,FEMALE,MARRIED,14,184865.76,126,220752.6,21,147,MIDLE,0,35886.84
29,180000.0,MALE,SINGLE,14,163073.19,46,189210.88,23,69,LOW,0,26137.690000000002
38,5000000.0,MALE,SINGLE,13,50379.89,28,20000.0,1,29,MIDLE,1,-30379.89
68,1833610.0,MALE,SINGLE,14,116800.0,75,0.0,0,75,LOW,0,-116800.0
32,1500000.0,MALE,SINGLE,14,246125.0,63,126900.0,9,72,LOW,0,-119225.0
62,2100000.0,MALE,SINGLE,14,101684.41,34,101466.68,33,67,LOW,1,-217.73000000001048
43,17000.0,MALE,SINGLE,14,51971.72,19,53600.0,3,22,LOW,1,1628.2799999999988
46,2850000.0,FEMALE,OTHER,14,54534.04,44,0.0,0,44,MIDLE,0,-54534.04
44,1000000.0,MALE,SINGLE,14,25549.7,20,12500.0,3,23,LOW,1,-13049.7
47,2500000.0,MALE,MARRIED,14,143465.3,44,143532.63,20,64,LOW,0,67.3300000000163
41,10000000.0,FEMALE,SINGLE,14,1096534.13,409,940975.94,43,452,MIDLE,0,-155558.18999999994
55,3000000.0,MALE,MARRIED,13,100643.3,37,94500.0,26,63,LOW,0,-6143.300000000003
38,7000000.0,FEMALE,SINGLE,14,100.0,1,100.0,1,2,MIDLE,1,0.0
35,2600.0,MALE,SINGLE,14,485642.74,175,481832.33,32,207,LOW,0,-3810.4099999999744
42,1000000.0,FEMALE,MARRIED,14,563411.85,183,336000.0,29,212,MIDLE,0,-227411.84999999998
63,15000000.0,MALE,MARRIED,14,262142.83,28,110086.99,7,35,EXECUTIVE,0,-152055.83999999997
62,1000000.0,MALE,MARRIED,14,1819017.45,268,3223665.0,33,301,MIDLE,0,1404647.55
51,2500000.0,FEMALE,SINGLE,14,142885.7,62,143031.1,21,83,LOW,0,145.39999999999418
59,4770495.0,MALE,SINGLE,14,472399.24,139,460301.94,24,163,MIDLE,0,-12097.299999999988
35,250000.0,MALE,SINGLE,14,892966.21,563,993775.97,64,627,MIDLE,0,100809.76000000001
50,3500.0,FEMALE,SINGLE,14,140400.0,93,135621.78,20,113,LOW,0,-4778.220000000001
41,7500000.0,FEMALE,MARRIED,14,217863.77,170,59110.0,22,192,MIDLE,0,-158753.77
41,5000000.0,FEMALE,SINGLE,14,867778.86,293,792447.46,22,315,MIDLE,0,-75331.40000000002
52,3000000.0,MALE,SINGLE,14,103463.25,37,110088.29,18,55,LOW,0,6625.039999999994
29,200000.0,MALE,SINGLE,14,11548.0,14,0.0,0,14,LOW,0,-11548.0
17,300000.0,FEMALE,SINGLE,13,1097146.0,483,1120000.0,32,515,LOW,0,22854.0
37,3800000.0,FEMALE,SINGLE,14,891759.71,549,927298.3,40,589,MIDLE,0,35538.590000000084
61,2500.0,MALE,MARRIED,14,64771.0,50,67850.0,20,70,MIDLE,1,3079.0
35,300000.0,FEMALE,SINGLE,13,818567.99,156,1274137.35,37,193,MIDLE,0,455569.3600000001
47,6000.0,FEMALE,MARRIED,14,393013.18,190,447702.9,32,222,MIDLE,0,54689.72000000003
41,500000.0,MALE,SINGLE,14,4425623.12,531,242400.0,72,603,MIDLE,0,-4183223.12
40,7000000.0,FEMALE,MARRIED,14,369018.96,159,2500.0,2,161,MIDLE,0,-366518.96
42,2000000.0,MALE,SINGLE,13,121199.42,46,37500.0,2,48,LOW,1,-83699.42
63,2711097.0,FEMALE,MARRIED,21,175134.08,93,177938.84,38,131,LOW,0,2804.7600000000093
42,800.0,MALE,SINGLE,14,32800.0,7,32800.0,1,8,LOW,1,0.0
56,5000.0,MALE,DIVORCE,14,14388220.09,807,12730420.45,51,858,PLATINUM,0,-1657799.6400000006
60,3000.0,FEMALE,SINGLE,14,118875.3,58,119015.78,20,78,LOW,0,140.47999999999593
31,350000.0,FEMALE,SINGLE,14,2119.76,4,0.0,0,4,LOW,0,-2119.76
58,5000000.0,FEMALE,SINGLE,14,761827.91,233,666850.0,37,270,MIDLE,0,-94977.91000000003
36,2500000.0,FEMALE,SINGLE,13,497784.56,279,506899.89,42,321,LOW,0,9115.330000000016
37,500.0,FEMALE,MARRIED,14,2451827.92,499,2596876.8,44,543,LOW,0,145048.8799999999
67,5600000.0,FEMALE,MARRIED,14,0.0,0,12500.0,4,4,LOW,0,12500.0
51,1557470.0,FEMALE,SINGLE,14,3904.38,5,0.0,0,5,LOW,1,-3904.38
54,10000000.0,MALE,DIVORCE,14,9019.5,3,0.0,0,3,MIDLE,0,-9019.5
53,2500000.0,MALE,SINGLE,14,183143.3,58,175285.0,18,76,LOW,0,-7858.299999999988
46,3000.0,MALE,SINGLE,14,147250.0,45,147004.33,21,66,LOW,0,-245.6700000000128
40,180000.0,MALE,SINGLE,14,171578.11,65,0.0,0,65,LOW,1,-171578.11
49,6131000.0,MALE,SINGLE,14,317885.5,53,320151.95,8,61,MIDLE,0,2266.4500000000116
38,1500000.0,MALE,SINGLE,14,746172.0,139,819967.95,24,163,MIDLE,0,73795.94999999995
32,500000.0,MALE,SINGLE,14,1540921.98,43,1490636.98,15,58,LOW,0,-50285.0
42,2000000.0,MALE,SINGLE,14,27700.34,8,0.0,0,8,MIDLE,0,-27700.34
41,1000000.0,MALE,SINGLE,14,350400.0,50,178500.0,8,58,LOW,0,-171900.0
43,5000000.0,FEMALE,SINGLE,14,22362.11,23,0.0,0,23,LOW,0,-22362.11
71,30000.0,MALE,MARRIED,14,285356.08,30,388139.21,33,63,MIDLE,0,102783.13
43,2000000.0,FEMALE,MARRIED,14,178760.88,33,55700.0,19,52,LOW,0,-123060.88
53,2185650.0,FEMALE,SINGLE,14,143829.04,62,144092.4,21,83,LOW,0,263.35999999998603
65,180000.0,FEMALE,MARRIED,14,238912.68,122,221900.0,29,151,MIDLE,1,-17012.679999999993
23,180000.0,FEMALE,SINGLE,14,58672.8,136,52800.0,30,166,LOW,0,-5872.800000000003
53,2000000.0,FEMALE,SINGLE,14,2900.0,7,0.0,0,7,LOW,0,-2900.0
22,2000000.0,MALE,SINGLE,13,609996.01,66,0.0,0,66,LOW,1,-609996.01
36,500000.0,FEMALE,SINGLE,14,2400221.79,738,2446653.27,72,810,MIDLE,0,46431.47999999998
57,43000000.0,MALE,SINGLE,14,317579.89,153,303324.0,20,173,MIDLE,0,-14255.890000000014
43,1762621.0,MALE,SINGLE,14,5000.0,1,0.0,0,1,LOW,1,-5000.0
41,2000000.0,MALE,SINGLE,14,1886420.66,585,1886748.08,54,639,MIDLE,0,327.4200000001583
39,1000000.0,MALE,SINGLE,14,93842.5,65,66900.0,11,76,LOW,0,-26942.5
49,30000000.0,FEMALE,MARRIED,14,88802.5,22,258177.8,10,32,MIDLE,0,169375.3
47,2500000.0,MALE,SINGLE,14,151743.3,42,151849.29,21,63,LOW,0,105.99000000001979
32,300000.0,MALE,DIVORCE,14,643330.0,136,644440.33,40,176,LOW,0,1110.329999999958
34,1341000.0,MALE,SINGLE,14,33000.0,33,33000.0,33,66,LOW,1,0.0
40,250000.0,MALE,SINGLE,13,800373.69,428,952993.38,32,460,MIDLE,0,152619.69000000006
56,3595680.0,MALE,SINGLE,14,9719.71,8,0.0,0,8,MIDLE,1,-9719.71
45,2450000.0,MALE,SINGLE,14,34079.3,46,11900.0,3,49,LOW,0,-22179.300000000003
48,3500.0,MALE,SINGLE,14,494845.0,135,550290.59,21,156,LOW,0,55445.58999999997
41,2346.9,MALE,SINGLE,14,106436.45,12,49244.43,2,14,MIDLE,1,-57192.02
51,3500000.0,MALE,SINGLE,14,1899.5,2,384985.0,13,15,LOW,1,383085.5
37,2500000.0,MALE,SINGLE,13,445940.33,143,485000.0,24,167,MIDLE,0,39059.669999999984
46,2000000.0,FEMALE,MARRIED,14,395008.34,96,398658.0,17,113,MIDLE,0,3649.6599999999744
59,1000000.0,MALE,SINGLE,14,454891.61,191,430187.64,50,241,LOW,0,-24703.969999999972
40,3750000.0,FEMALE,SINGLE,14,1047632.1,178,1072500.0,6,184,LOW,1,24867.900000000023
59,2500000.0,MALE,SINGLE,14,144603.25,68,152484.58,21,89,LOW,0,7881.329999999987
55,2009500.0,MALE,SINGLE,13,116510.78,74,115981.0,17,91,LOW,0,-529.7799999999988
48,3750000.0,FEMALE,SINGLE,14,175007.95,121,196499.28,46,167,LOW,0,21491.329999999987
34,0.0,MALE,SINGLE,14,65520.0,33,19000.0,1,34,LOW,0,-46520.0
41,5000.0,MALE,SINGLE,14,326556.95,160,232341.28,36,196,MIDLE,0,-94215.67000000001
42,1800000.0,MALE,SINGLE,14,29343.3,15,25038.41,3,18,LOW,1,-4304.889999999999
36,500000.0,FEMALE,MARRIED,14,794896.56,423,1138473.36,64,487,MIDLE,0,343576.80000000005
39,500.0,MALE,SINGLE,14,987184.83,221,3128881.08,77,298,MIDLE,0,2141696.25
60,15000.0,MALE,SINGLE,14,3374586.32,424,4708391.55,76,500,EXECUTIVE,0,1333805.23
55,1500000.0,FEMALE,SINGLE,14,481960.36,206,102714.12,7,213,LOW,0,-379246.24
75,3995000.0,MALE,SINGLE,14,260289.62,204,38800.0,5,209,LOW,0,-221489.62
41,1500000.0,MALE,SINGLE,14,398.26,1,0.0,0,1,MIDLE,0,-398.26
39,2831666.0,FEMALE,SINGLE,14,146669.41,38,5000.0,1,39,LOW,0,-141669.41
56,26000.0,FEMALE,SINGLE,13,1217687.4,421,1791273.74,27,448,MIDLE,0,573586.3400000001
62,3500.0,MALE,SINGLE,14,151799.7,51,160587.47,17,68,LOW,0,8787.76999999999
55,5000.0,MALE,SINGLE,14,45916.72,33,0.0,0,33,MIDLE,0,-45916.72
48,2000.0,MALE,SINGLE,14,116820.6,61,149765.4,21,82,LOW,0,32944.79999999999
59,2500000.0,FEMALE,SINGLE,14,94443.3,37,103313.82,20,57,LOW,0,8870.520000000004
37,1481092.0,MALE,SINGLE,14,265740.0,82,266182.64,41,123,LOW,0,442.64000000001397
49,2750000.0,FEMALE,SINGLE,14,1023924.53,183,2228755.47,34,217,MIDLE,0,1204830.9400000002
53,3140301.0,MALE,SINGLE,14,67181.38,37,34300.0,8,45,LOW,0,-32881.380000000005
43,3000000.0,MALE,SINGLE,14,442223.29,37,8284.0,3,40,LOW,0,-433939.29
63,4000000.0,FEMALE,WIDOWED,14,8054.08,5,0.0,0,5,LOW,1,-8054.08
49,1000000.0,FEMALE,SINGLE,2,394797.96,34,554939.76,29,63,MIDLE,0,160141.8
36,1300000.0,MALE,SINGLE,14,110471.56,68,110570.44,18,86,LOW,0,98.88000000000466
73,,FEMALE,MARRIED,21,47098.1,19,55500.0,10,29,LOW,0,8401.900000000001
39,6853720.0,FEMALE,SINGLE,14,664466.6,174,583517.71,45,219,MIDLE,0,-80948.89000000001
47,4600000.0,MALE,SINGLE,14,556705.4,113,669584.85,10,123,MIDLE,1,112879.44999999995
40,3000000.0,MALE,SINGLE,14,500.0,1,27.78,1,2,LOW,0,-472.22
34,500000.0,MALE,SINGLE,14,1982155.38,822,2137889.49,31,853,MIDLE,0,155734.11000000034
54,10000000.0,MALE,SINGLE,14,225190.04,276,0.0,0,276,EXECUTIVE,0,-225190.04
16,2000000.0,FEMALE,SINGLE,14,0.0,0,69922.5,6,6,MIDLE,0,69922.5
50,1000000.0,MALE,MARRIED,14,123093.6,51,131133.33,21,72,LOW,0,8039.729999999981
49,3000.0,FEMALE,SINGLE,13,288663.3,86,285042.22,19,105,LOW,0,-3621.0800000000163
46,15000000.0,MALE,MARRIED,14,3240369.08,877,3160483.36,49,926,EXECUTIVE,0,-79885.7200000002
56,2000000.0,FEMALE,MARRIED,14,162900.0,37,160498.12,17,54,LOW,0,-2401.8800000000047
58,2500.0,MALE,WIDOWED,15,544719.76,132,919317.45,27,159,LOW,0,374597.68999999994
42,3000.0,FEMALE,SINGLE,14,204058.65,148,202831.13,21,169,LOW,0,-1227.5199999999895
62,3000000.0,FEMALE,MARRIED,14,63486.81,147,46842.26,9,156,LOW,0,-16644.549999999996
52,2500.0,MALE,SINGLE,14,149793.3,103,158330.42,21,124,LOW,0,8537.120000000024
38,4000000.0,FEMALE,SINGLE,14,350141.56,202,430181.74,19,221,LOW,0,80040.18
40,2000000.0,FEMALE,MARRIED,13,2322456.38,632,2071752.55,54,686,MIDLE,0,-250703.82999999984
35,1000000.0,MALE,SINGLE,14,229811.06,26,202272.1,6,32,MIDLE,0,-27538.959999999992
43,2500.0,MALE,MARRIED,23,2251.7,2,0.0,0,2,EXECUTIVE,1,-2251.7
43,4383.0,FEMALE,SINGLE,14,1831.0,7,0.0,0,7,LOW,1,-1831.0
40,2000000.0,FEMALE,SINGLE,14,266080.21,329,267435.0,107,436,LOW,0,1354.789999999979
47,2500.0,MALE,MARRIED,14,262953.95,159,42600.0,3,162,LOW,0,-220353.95
57,15000000.0,MALE,MARRIED,14,27070.23,17,2899.76,2,19,MIDLE,1,-24170.47
48,15000000.0,MALE,DIVORCE,14,17800160.51,1256,18107440.79,113,1369,PLATINUM,0,307280.27999999747
55,1000000.0,MALE,SINGLE,14,210900.0,56,211138.7,20,76,LOW,0,238.70000000001164
61,6000.0,MALE,MARRIED,13,88213.07,50,109224.03,47,97,LOW,0,21010.959999999992
59,16000000.0,MALE,MARRIED,14,7847957.15,1132,7284082.71,156,1288,EXECUTIVE,0,-563874.4400000004
32,100000.0,MALE,SINGLE,14,6000.0,1,0.0,0,1,LOW,1,-6000.0
39,0.0,MALE,MARRIED,14,1437824.41,715,1401305.0,150,865,LOW,0,-36519.409999999916
41,10000.0,FEMALE,SINGLE,14,553949.29,270,1132152.78,22,292,MIDLE,0,578203.49
44,3500.0,FEMALE,DIVORCE,14,1196325.57,152,493128.97,18,170,LOW,0,-703196.6000000001
61,40000.0,MALE,DIVORCE,24,97918.54,8,0.0,0,8,EXECUTIVE,0,-97918.54
65,2500.0,FEMALE,MARRIED,14,146400.0,62,146014.51,22,84,LOW,0,-385.4899999999907
49,3000.0,MALE,SINGLE,13,713295.52,284,707065.79,25,309,LOW,0,-6229.729999999981
39,1800000.0,MALE,SINGLE,14,160399.48,50,135212.48,6,56,LOW,1,-25187.0
62,4000000.0,MALE,MARRIED,14,187778.0,112,11090.0,6,118,LOW,0,-176688.0
41,2000000.0,MALE,SINGLE,14,1832575.52,677,1459563.07,176,853,LOW,0,-373012.44999999995
57,1000000.0,FEMALE,MARRIED,14,306491.5,150,341368.78,18,168,LOW,0,34877.28000000003
56,3000000.0,MALE,MARRIED,14,125229.3,62,124588.14,20,82,LOW,0,-641.1600000000035
64,2500000.0,FEMALE,MARRIED,14,202650.0,75,198093.13,24,99,LOW,0,-4556.869999999995
62,5000000.0,FEMALE,MARRIED,14,825203.21,328,823257.93,18,346,LOW,0,-1945.2799999999115
43,2500000.0,MALE,MARRIED,14,1777417.96,780,2395651.82,31,811,MIDLE,0,618233.8599999999
34,2000000.0,FEMALE,SINGLE,14,24458.0,8,0.0,0,8,LOW,0,-24458.0
14,500000.0,FEMALE,SINGLE,14,5292.0,18,0.0,0,18,LOW,1,-5292.0
46,5000.0,MALE,SINGLE,14,1848595.72,826,1901600.0,292,1118,MIDLE,0,53004.28000000003
41,1000000.0,MALE,SINGLE,14,768953.93,475,579474.0,39,514,LOW,0,-189479.93000000005
56,,MALE,SINGLE,24,297687.54,46,0.0,0,46,MIDLE,1,-297687.54
40,1500000.0,MALE,SINGLE,14,444660.56,224,1224283.19,22,246,MIDLE,0,779622.6299999999
43,3800000.0,MALE,SINGLE,14,120403.03,67,30800.0,4,71,MIDLE,0,-89603.03
27,1000000.0,FEMALE,SINGLE,14,3478.69,5,3500.0,1,6,MIDLE,0,21.309999999999945
66,2591591.0,FEMALE,MARRIED,14,166925.16,134,169939.08,15,149,LOW,0,3013.9199999999837
50,750000.0,FEMALE,SINGLE,13,136700.0,42,16200.0,3,45,LOW,0,-120500.0
53,2000000.0,FEMALE,SINGLE,13,127293.6,82,52108.58,18,100,LOW,0,-75185.02
59,9000000.0,FEMALE,MARRIED,13,3443.3,3,0.0,0,3,LOW,1,-3443.3
26,500000.0,FEMALE,SINGLE,14,575550.61,125,258250.0,45,170,MIDLE,0,-317300.61
49,1000000.0,MALE,MARRIED,14,50441.6,23,56700.0,11,34,LOW,0,6258.4000000000015
77,12500000.0,FEMALE,MARRIED,14,289574.05,36,344964.6,4,40,LOW,0,55390.54999999999
46,1500000.0,FEMALE,SINGLE,14,139363.22,97,87000.0,10,107,LOW,0,-52363.22
70,1200000.0,FEMALE,MARRIED,14,12643.3,6,0.0,0,6,LOW,0,-12643.3
39,2450.0,MALE,SINGLE,14,0.0,0,50.0,1,1,LOW,1,50.0
55,8083.0,MALE,MARRIED,14,162282.11,45,100150.0,18,63,LOW,0,-62132.109999999986
45,9000.0,FEMALE,DIVORCE,14,5538341.36,197,9741412.2,51,248,PLATINUM,0,4203070.839999999
50,2000.0,FEMALE,MARRIED,14,5619584.97,1092,6463606.06,185,1277,EXECUTIVE,0,844021.0899999999
42,1000000.0,FEMALE,SINGLE,14,922858.77,251,888065.71,27,278,LOW,0,-34793.060000000056
44,2559.0,FEMALE,SINGLE,14,228836.93,37,824727.88,18,55,EXECUTIVE,0,595890.95
41,2500000.0,FEMALE,MARRIED,6,1339990.46,138,882413.07,20,158,MIDLE,0,-457577.39
42,2000.0,MALE,SINGLE,14,454181.83,169,279660.0,62,231,MIDLE,0,-174521.83000000002
38,1000000.0,MALE,SINGLE,14,104847.07,78,85800.0,8,86,MIDLE,0,-19047.070000000007
69,2500.0,FEMALE,MARRIED,14,502310.92,159,502075.74,27,186,LOW,0,-235.17999999999302
34,2000000.0,MALE,SINGLE,14,25770.0,33,0.0,0,33,MIDLE,0,-25770.0
49,1000000.0,MALE,SINGLE,14,669573.64,186,610962.56,10,196,LOW,0,-58611.07999999996
40,15000000.0,MALE,SINGLE,13,2440405.87,93,2648866.82,20,113,EXECUTIVE,0,208460.94999999972
55,2000000.0,MALE,SINGLE,14,21168.3,21,5400.0,2,23,LOW,0,-15768.3
43,1481092.0,FEMALE,SINGLE,14,284219.3,66,259269.12,22,88,LOW,0,-24950.179999999993
46,3000.0,FEMALE,SINGLE,14,189931.1,112,415500.0,18,130,LOW,0,225568.9
69,2000.0,FEMALE,MARRIED,14,129684.68,54,576125.77,11,65,MIDLE,0,446441.09
59,4500000.0,MALE,MARRIED,14,52295.97,68,606427.05,21,89,LOW,0,554131.0800000001
52,2000.0,FEMALE,MARRIED,14,19.5,1,0.0,0,1,LOW,1,-19.5
27,2000000.0,MALE,SINGLE,14,501246.33,109,273999.05,7,116,MIDLE,1,-227247.28000000003
48,7000000.0,MALE,SINGLE,14,1443.3,2,0.0,0,2,LOW,1,-1443.3
59,4900000.0,FEMALE,SINGLE,14,56443.3,21,0.0,0,21,LOW,0,-56443.3
51,1000000.0,MALE,SINGLE,14,2566.47,3,0.0,0,3,LOW,1,-2566.47
59,5000000.0,FEMALE,SINGLE,14,354799.6,98,278907.73,7,105,LOW,0,-75891.87
66,5000000.0,MALE,MARRIED,20,813.96,2,1206000.0,6,8,LOW,0,1205186.04
36,6500000.0,MALE,SINGLE,13,668942.3,240,819600.25,41,281,LOW,0,150657.94999999995
52,10000000.0,MALE,MARRIED,14,904685.57,317,879577.53,23,340,MIDLE,0,-25108.03999999992
47,1500.0,MALE,SINGLE,14,14949137.11,813,14473548.33,68,881,MIDLE,0,-475588.77999999933
40,3500000.0,FEMALE,SINGLE,14,28400.0,10,0.0,0,10,LOW,0,-28400.0
50,2500.0,MALE,SINGLE,14,179608.25,73,179217.82,19,92,LOW,0,-390.429999999993
45,15975.0,FEMALE,SINGLE,14,20765.0,5,140000.0,2,7,EXECUTIVE,0,119235.0
57,21000000.0,MALE,MARRIED,13,625879.18,174,0.0,0,174,EXECUTIVE,0,-625879.18
31,2000000.0,FEMALE,SINGLE,14,144780.09,37,0.0,0,37,MIDLE,1,-144780.09
45,5000000.0,FEMALE,SINGLE,3,519032.8,193,269100.0,17,210,LOW,0,-249932.8
42,6000.0,FEMALE,MARRIED,14,983050.08,454,945581.54,23,477,MIDLE,0,-37468.53999999992
73,1000000.0,FEMALE,SINGLE,14,148193.6,82,153422.08,20,102,LOW,0,5228.479999999981
48,3454735.0,FEMALE,SINGLE,14,651600.0,196,761442.87,56,252,MIDLE,0,109842.87
43,2000000.0,FEMALE,MARRIED,14,39410.78,14,0.0,0,14,LOW,1,-39410.78
21,750000.0,FEMALE,SINGLE,14,100000.0,1,0.0,0,1,LOW,0,-100000.0
40,1000.0,FEMALE,SINGLE,17,1889418.2,150,1270210.23,40,190,LOW,0,-619207.97
40,5000000.0,MALE,DIVORCE,14,43135.92,14,12730.0,4,18,MIDLE,0,-30405.92
59,3000000.0,FEMALE,MARRIED,14,114326.59,70,2500.0,1,71,LOW,0,-111826.59
54,3000000.0,MALE,SINGLE,14,1600.0,2,0.0,0,2,LOW,1,-1600.0
22,1000000.0,MALE,SINGLE,14,19000.0,5,0.0,0,5,LOW,1,-19000.0
58,7000000.0,FEMALE,MARRIED,14,1331009.61,536,17100.0,2,538,MIDLE,0,-1313909.61
65,3000.0,MALE,SINGLE,14,89727.3,53,89749.0,20,73,LOW,0,21.69999999999709
44,25000000.0,MALE,MARRIED,14,74472.4,49,26000.0,1,50,EXECUTIVE,0,-48472.399999999994
38,1500.0,MALE,SINGLE,14,584479.37,108,552400.0,34,142,LOW,1,-32079.369999999995
60,1455938.0,MALE,SINGLE,14,78943.3,26,78934.25,22,48,LOW,0,-9.05000000000291
48,6000000.0,MALE,MARRIED,14,1006949.19,521,1058332.34,69,590,MIDLE,0,51383.15000000014
45,4000000.0,MALE,SINGLE,14,1967151.24,371,2928896.74,39,410,MIDLE,0,961745.5000000002
52,2500000.0,FEMALE,SINGLE,14,144984.7,69,145466.36,21,90,LOW,0,481.6599999999744
74,10000000.0,FEMALE,MARRIED,14,589.85,4,156721.79,33,37,MIDLE,0,156131.94
66,9121.0,MALE,MARRIED,14,16500.64,10,8358.34,3,13,MIDLE,1,-8142.299999999999
40,650.0,MALE,SINGLE,13,4518096.22,212,10693653.65,50,262,EXECUTIVE,0,6175557.430000001
50,1660278.0,MALE,SINGLE,14,2700.0,6,2698.76,3,9,LOW,1,-1.2399999999997817
49,1000.0,FEMALE,DIVORCE,14,3698635.39,1014,4432173.0,382,1396,MIDLE,0,733537.6099999999
47,4166000.0,MALE,MARRIED,21,46731.44,46,39894.0,18,64,MIDLE,0,-6837.440000000002
48,3500.0,MALE,SINGLE,14,12725.01,5,0.0,0,5,MIDLE,0,-12725.01
37,3000000.0,MALE,MARRIED,14,3677872.72,385,2002006.63,70,455,MIDLE,0,-1675866.0900000003
46,500000.0,MALE,SINGLE,14,153329.92,45,39125.0,5,50,LOW,0,-114204.92000000001
40,2000000.0,FEMALE,SINGLE,14,575571.17,374,267500.0,24,398,LOW,0,-308071.17000000004
58,1875000.0,MALE,SINGLE,14,152908.8,53,153052.24,21,74,LOW,0,143.44000000000233
40,1000000.0,FEMALE,SINGLE,14,339145.8,127,244392.43,15,142,LOW,0,-94753.37
44,907.0,MALE,MARRIED,13,1696796.85,344,7767813.61,60,404,MIDLE,0,6071016.76
36,2500000.0,MALE,SINGLE,14,536808.68,111,434000.0,6,117,LOW,0,-102808.68000000005
52,2100000.0,MALE,SINGLE,14,103949.7,31,104036.99,17,48,LOW,0,87.29000000000815
58,10000000.0,MALE,SINGLE,11,125698.9,16,0.0,0,16,LOW,1,-125698.9
54,2600000.0,MALE,MARRIED,14,453968.89,2,551950.0,4,6,MIDLE,0,97981.10999999999
42,6000000.0,FEMALE,SINGLE,14,68555.27,40,63632.0,22,62,LOW,1,-4923.270000000004
45,2500000.0,FEMALE,SINGLE,14,1919.76,4,0.0,0,4,LOW,1,-1919.76
29,1000000.0,MALE,SINGLE,14,661380.78,198,871228.0,40,238,LOW,0,209847.21999999997
55,2500000.0,FEMALE,SINGLE,14,184401.3,58,181552.35,21,79,LOW,0,-2848.9499999999825
39,1696.0,MALE,SINGLE,14,1026572.86,336,970574.45,137,473,LOW,0,-55998.41000000003
56,2300000.0,MALE,SINGLE,14,293328.0,228,318159.72,21,249,LOW,0,24831.719999999972
48,10000000.0,MALE,MARRIED,14,237176.82,102,326914.12,21,123,MIDLE,0,89737.29999999999
54,5000.0,FEMALE,SINGLE,20,586838.85,71,386050.27,33,104,LOW,0,-200788.57999999996
42,1500000.0,MALE,SINGLE,14,264605.0,127,288859.92,22,149,LOW,0,24254.919999999984
63,200000.0,MALE,SINGLE,14,134669.13,64,0.0,0,64,MIDLE,0,-134669.13
63,300.0,FEMALE,DIVORCE,14,606813.46,355,419332.6,14,369,LOW,0,-187480.86
46,3000000.0,FEMALE,SINGLE,14,90898.61,134,56901.29,17,151,MIDLE,0,-33997.32
33,450000.0,FEMALE,SINGLE,14,640201.27,157,487875.58,15,172,MIDLE,0,-152325.69
72,2500.0,MALE,MARRIED,14,172133.53,100,369982.72,59,159,LOW,0,197849.18999999997
45,2500000.0,MALE,SINGLE,14,207539.3,85,209889.69,32,117,LOW,0,2350.390000000014
19,350000.0,MALE,SINGLE,14,754366.08,82,398600.0,31,113,LOW,0,-355766.07999999996
64,2500.0,MALE,MARRIED,14,380746.21,167,346698.31,29,196,LOW,0,-34047.90000000002
42,1500000.0,MALE,SINGLE,14,153636.64,61,221661.9,19,80,LOW,0,68025.25999999998
60,5000000.0,MALE,MARRIED,14,290713.61,178,11500.0,5,183,MIDLE,0,-279213.61
33,0.0,MALE,SINGLE,14,336251.47,170,292261.11,40,210,LOW,0,-43990.359999999986
39,5726000.0,FEMALE,SINGLE,14,6081847.7,669,6872656.61,212,881,EXECUTIVE,0,790808.9100000001
44,1850.0,FEMALE,SINGLE,14,163770.0,142,166135.68,27,169,LOW,0,2365.679999999993
39,1466670.0,MALE,SINGLE,14,664323.33,527,485839.79,34,561,LOW,0,-178483.53999999998
20,1000000.0,FEMALE,SINGLE,14,76932.74,22,0.0,0,22,LOW,0,-76932.74
50,180000.0,FEMALE,MARRIED,9,7693.6,3,0.0,0,3,LOW,1,-7693.6
41,125.0,MALE,SINGLE,14,3335805.61,485,4190765.31,46,531,MIDLE,0,854959.7000000002
45,421.0,FEMALE,SINGLE,14,1434561.97,419,1491380.0,23,442,MIDLE,0,56818.03000000003
35,5000000.0,FEMALE,MARRIED,14,7737301.13,1181,7544349.9,256,1437,MIDLE,0,-192951.22999999952
54,3000000.0,MALE,SINGLE,14,19963.25,10,0.0,0,10,LOW,0,-19963.25
59,50000000.0,MALE,SINGLE,11,4176895.5,984,1857904.14,51,1035,MIDLE,0,-2318991.3600000003
37,1300000.0,MALE,SINGLE,14,214049.0,61,22540.0,3,64,LOW,0,-191509.0
82,3000.0,FEMALE,SINGLE,14,111754.73,48,111550.0,20,68,LOW,0,-204.72999999999593
41,2000000.0,FEMALE,SINGLE,13,114647.54,69,105000.0,6,75,LOW,0,-9647.539999999994
69,500000.0,FEMALE,MARRIED,14,0.0,0,356250.0,19,19,LOW,1,356250.0
35,1500000.0,MALE,SINGLE,13,2689261.02,632,2598861.0,91,723,LOW,0,-90400.02000000002
44,500.0,FEMALE,SINGLE,14,388006.74,164,392747.94,36,200,LOW,0,4741.200000000012
57,9000.0,FEMALE,SINGLE,14,1384778.95,495,1590480.63,69,564,LOW,0,205701.67999999993
51,5000000.0,MALE,SINGLE,14,804441.42,387,1091584.95,118,505,MIDLE,0,287143.5299999999
43,500000.0,MALE,SINGLE,13,15345.37,3,32154.08,4,7,MIDLE,1,16808.71
43,12000000.0,FEMALE,SINGLE,14,2005692.95,24,999889.76,1,25,LOW,0,-1005803.19
43,1000000.0,FEMALE,SINGLE,14,155663.32,30,0.0,0,30,LOW,0,-155663.32
56,1000000.0,FEMALE,SINGLE,14,468673.36,194,9500.0,2,196,LOW,0,-459173.36
34,1000000.0,FEMALE,MARRIED,14,552867.49,162,462391.0,37,199,LOW,0,-90476.48999999999
55,1200000.0,FEMALE,SINGLE,13,146893.3,48,147060.42,21,69,LOW,0,167.12000000002445
36,100000.0,MALE,SINGLE,14,341434.76,269,341434.76,269,538,LOW,1,0.0
37,180000.0,MALE,MARRIED,14,2248515.32,338,2176562.57,50,388,MIDLE,0,-71952.75
39,1000000.0,MALE,MARRIED,14,35420.86,21,4733403.55,19,40,EXECUTIVE,0,4697982.6899999995
67,10000000.0,MALE,WIDOWED,14,809623.62,38,1116220.0,7,45,EXECUTIVE,0,306596.38
45,5000000.0,MALE,SINGLE,14,2337126.87,552,809024.0,37,589,MIDLE,0,-1528102.87
42,2470.0,FEMALE,SINGLE,13,227040.86,79,26600.0,6,85,LOW,0,-200440.86
49,4500000.0,MALE,SINGLE,14,793592.18,224,927310.1,54,278,MIDLE,0,133717.91999999993
40,2000000.0,FEMALE,MARRIED,13,342907.85,168,479936.88,29,197,LOW,0,137029.03000000003
51,4500000.0,MALE,SINGLE,14,525180.85,171,574842.15,24,195,LOW,0,49661.30000000005
50,22198.18,MALE,SINGLE,14,357035.54,360,525296.93,21,381,LOW,0,168261.39000000007
51,37675.53,FEMALE,MARRIED,21,1874340.6,379,5675557.1,45,424,PLATINUM,0,3801216.4999999995
40,5000000.0,MALE,SINGLE,14,1085532.24,371,1207932.96,31,402,MIDLE,0,122400.71999999997
48,2250.0,MALE,SINGLE,14,24143.6,20,24100.0,11,31,LOW,1,-43.599999999998545
55,1500000.0,FEMALE,SINGLE,14,203140.0,147,196135.0,22,169,LOW,0,-7005.0
35,2000000.0,MALE,SINGLE,14,28207.6,24,43738.88,10,34,LOW,1,15531.279999999999
20,1000000.0,FEMALE,SINGLE,14,528586.95,266,303600.0,19,285,MIDLE,0,-224986.94999999995
46,2680000.0,FEMALE,MARRIED,14,21614.6,39,18000.0,11,50,LOW,1,-3614.5999999999985
30,2000.0,MALE,SINGLE,14,86329.05,25,56000.0,3,28,LOW,0,-30329.050000000003
35,209.0,FEMALE,SINGLE,14,2933422.73,355,3305525.48,121,476,LOW,0,372102.75
30,2500000.0,MALE,SINGLE,14,2286642.35,247,1047336.0,46,293,MIDLE,1,-1239306.35
43,3000.0,MALE,SINGLE,14,423400.0,175,447691.59,20,195,LOW,0,24291.590000000026
32,1200000.0,MALE,SINGLE,13,13542.11,15,5555.0,2,17,MIDLE,0,-7987.110000000001
57,2500000.0,MALE,SINGLE,14,119903.9,62,130878.99,20,82,LOW,0,10975.090000000011
45,2500.0,FEMALE,SINGLE,14,483855.31,213,491715.49,25,238,LOW,0,7860.179999999993
42,5000000.0,FEMALE,MARRIED,13,1620384.63,372,402909.0,6,378,MIDLE,0,-1217475.63
38,1000000.0,MALE,SINGLE,13,525663.13,230,286000.0,31,261,MIDLE,0,-239663.13
55,2185650.0,FEMALE,SINGLE,14,242526.6,102,264923.89,50,152,LOW,0,22397.290000000008
37,3000.0,FEMALE,MARRIED,14,1834766.99,107,203400.0,16,123,LOW,0,-1631366.99
38,2500000.0,MALE,SINGLE,14,279515.14,119,297196.55,19,138,LOW,0,17681.409999999974
37,1000000.0,MALE,MARRIED,14,312411.84,144,442340.0,14,158,MIDLE,0,129928.15999999997
42,2500.0,MALE,SINGLE,14,184770.41,80,144500.0,19,99,LOW,0,-40270.41
59,11000000.0,MALE,MARRIED,14,4.5,1,0.0,0,1,MIDLE,0,-4.5
36,1000000.0,FEMALE,MARRIED,14,1744498.63,157,3544000.0,62,219,MIDLE,0,1799501.37
37,3031049.0,MALE,SINGLE,14,24654.75,32,24654.75,32,64,LOW,1,0.0
18,1500000.0,MALE,SINGLE,14,88585.6,89,39850.0,36,125,LOW,0,-48735.600000000006
45,3500.0,FEMALE,SINGLE,14,722547.98,190,1769878.25,40,230,MIDLE,0,1047330.27
59,3200000.0,FEMALE,SINGLE,14,618800.7,352,105853.12,8,360,LOW,0,-512947.57999999996
49,2425.0,MALE,SINGLE,14,749.7,1,0.0,0,1,LOW,0,-749.7
44,1500000.0,FEMALE,SINGLE,14,1261542.5,375,849844.35,18,393,MIDLE,0,-411698.15
33,500000.0,MALE,DIVORCE,14,1178831.67,178,980886.81,52,230,LOW,0,-197944.85999999987
35,4000.0,MALE,MARRIED,13,643905.64,127,689480.0,65,192,LOW,0,45574.359999999986
59,7425.0,FEMALE,SINGLE,14,743758.76,92,1776300.0,38,130,MIDLE,0,1032541.24
